YEAR,MONTH,Number_of_Tags_Issued,animal_type,zip_code,OBJECTID
2007,9,1,DOG,40291.0,0
2011,5,1,CAT,40245.0,1
2011,5,1,CAT,40272.0,2
2011,5,2,DOG,40205.0,3
2011,5,1,DOG,40214.0,4
2011,5,2,DOG,40220.0,5
2011,5,1,DOG,40228.0,6
2011,5,1,DOG,40258.0,7
2011,6,1,CAT,40229.0,8
2011,6,2,CAT,40258.0,9
2011,6,1,CAT,40272.0,10
2011,6,1,DOG,40118.0,11
2011,6,1,DOG,40205.0,12
2011,6,1,DOG,40208.0,13
2011,6,1,DOG,40216.0,14
2011,6,4,DOG,40220.0,15
2011,6,1,DOG,40245.0,16
2011,6,1,DOG,40272.0,17
2011,7,1,CAT,40243.0,18
2011,7,1,CAT,40258.0,19
2011,7,1,DOG,40212.0,20
2011,7,1,DOG,40216.0,21
2011,7,2,DOG,40220.0,22
2011,7,1,DOG,40223.0,23
2011,7,1,DOG,40291.0,24
2011,7,1,DOG,40299.0,25
2011,8,3,CAT,40213.0,26
2011,8,2,CAT,40258.0,27
2011,8,1,CAT,40272.0,28
2011,8,1,DOG,40059.0,29
2011,8,1,DOG,40203.0,30
2011,8,1,DOG,40206.0,31
2011,8,2,DOG,40216.0,32
2011,8,2,DOG,40219.0,33
2011,8,1,DOG,40220.0,34
2011,8,2,DOG,40241.0,35
2011,8,4,DOG,40245.0,36
2011,8,2,DOG,40272.0,37
2011,8,1,DOG,40299.0,38
2011,9,1,CAT,40220.0,39
2011,9,1,CAT,40291.0,40
2011,9,1,DOG,40203.0,41
2011,9,1,DOG,40205.0,42
2011,9,1,DOG,40213.0,43
2011,9,1,DOG,40214.0,44
2011,9,1,DOG,40216.0,45
2011,9,1,DOG,40218.0,46
2011,9,1,DOG,40219.0,47
2011,9,1,DOG,40241.0,48
2011,9,1,DOG,40291.0,49
2011,10,1,CAT,40272.0,50
2011,10,1,DOG,40213.0,51
2011,10,1,DOG,40216.0,52
2011,10,1,DOG,40218.0,53
2011,10,2,DOG,40219.0,54
2011,10,2,DOG,40220.0,55
2011,10,3,DOG,40222.0,56
2011,10,2,DOG,40242.0,57
2011,10,1,DOG,40243.0,58
2011,10,1,DOG,40258.0,59
2011,10,2,DOG,40272.0,60
2011,10,1,DOG,40291.0,61
2011,11,1,CAT,40291.0,62
2011,11,1,CAT,40299.0,63
2011,11,1,DOG,40204.0,64
2011,11,1,DOG,40219.0,65
2011,11,1,DOG,40220.0,66
2011,11,1,DOG,40228.0,67
2011,11,1,DOG,40229.0,68
2011,11,1,DOG,40269.0,69
2011,11,1,DOG,40272.0,70
2011,11,1,DOG,40291.0,71
2011,11,2,DOG,40299.0,72
2011,12,1,DOG,40118.0,73
2011,12,3,DOG,40207.0,74
2011,12,1,DOG,40217.0,75
2011,12,2,DOG,40219.0,76
2011,12,5,DOG,40272.0,77
2011,12,4,DOG,40291.0,78
2011,12,1,DOG,40299.0,79
2012,1,1,CAT,40228.0,80
2012,1,1,DOG,40118.0,81
2012,1,1,DOG,40205.0,82
2012,1,1,DOG,40206.0,83
2012,1,1,DOG,40210.0,84
2012,1,1,DOG,40212.0,85
2012,1,1,DOG,40214.0,86
2012,1,1,DOG,40216.0,87
2012,1,1,DOG,40218.0,88
2012,1,1,DOG,40223.0,89
2012,1,1,DOG,40242.0,90
2012,1,1,DOG,40245.0,91
2012,1,3,DOG,40299.0,92
2012,2,3,CAT,40258.0,93
2012,2,2,DOG,40205.0,94
2012,2,1,DOG,40206.0,95
2012,2,1,DOG,40208.0,96
2012,2,2,DOG,40212.0,97
2012,2,3,DOG,40214.0,98
2012,2,1,DOG,40216.0,99
2012,2,1,DOG,40218.0,100
2012,2,1,DOG,40219.0,101
2012,2,3,DOG,40222.0,102
2012,2,1,DOG,40228.0,103
2012,2,3,DOG,40229.0,104
2012,2,2,DOG,40245.0,105
2012,2,2,DOG,40258.0,106
2012,2,1,DOG,40272.0,107
2012,2,2,DOG,40291.0,108
2012,3,2,CAT,40216.0,109
2012,3,1,CAT,40272.0,110
2012,3,1,DOG,40118.0,111
2012,3,1,DOG,40215.0,112
2012,3,1,DOG,40216.0,113
2012,3,1,DOG,40218.0,114
2012,3,1,DOG,40219.0,115
2012,3,1,DOG,40272.0,116
2012,4,1,CAT,40041.0,117
2012,4,1,CAT,40207.0,118
2012,4,1,CAT,40213.0,119
2012,4,1,CAT,40219.0,120
2012,4,1,CAT,40223.0,121
2012,4,1,CAT,40241.0,122
2012,4,1,CAT,40299.0,123
2012,4,1,DOG,40204.0,124
2012,4,3,DOG,40205.0,125
2012,4,1,DOG,40206.0,126
2012,4,2,DOG,40208.0,127
2012,4,3,DOG,40213.0,128
2012,4,1,DOG,40214.0,129
2012,4,2,DOG,40215.0,130
2012,4,1,DOG,40216.0,131
2012,4,1,DOG,40217.0,132
2012,4,3,DOG,40219.0,133
2012,4,3,DOG,40220.0,134
2012,4,1,DOG,40228.0,135
2012,4,1,DOG,40229.0,136
2012,4,1,DOG,40241.0,137
2012,4,3,DOG,40258.0,138
2012,4,1,DOG,40272.0,139
2012,4,2,DOG,40299.0,140
2012,5,2,CAT,40245.0,141
2012,5,2,CAT,40272.0,142
2012,5,1,CAT,40291.0,143
2012,5,1,DOG,40118.0,144
2012,5,3,DOG,40207.0,145
2012,5,1,DOG,40213.0,146
2012,5,2,DOG,40214.0,147
2012,5,1,DOG,40216.0,148
2012,5,3,DOG,40217.0,149
2012,5,1,DOG,40220.0,150
2012,5,1,DOG,40222.0,151
2012,5,1,DOG,40228.0,152
2012,5,1,DOG,40229.0,153
2012,5,3,DOG,40272.0,154
2012,5,1,DOG,40299.0,155
2012,6,1,CAT,40203.0,156
2012,6,3,CAT,40213.0,157
2012,6,1,CAT,40217.0,158
2012,6,1,CAT,40223.0,159
2012,6,1,CAT,40258.0,160
2012,6,1,CAT,40291.0,161
2012,6,3,DOG,40205.0,162
2012,6,2,DOG,40211.0,163
2012,6,1,DOG,40213.0,164
2012,6,2,DOG,40216.0,165
2012,6,1,DOG,40219.0,166
2012,6,3,DOG,40220.0,167
2012,6,1,DOG,40223.0,168
2012,6,1,DOG,40228.0,169
2012,6,2,DOG,40258.0,170
2012,6,1,DOG,40272.0,171
2012,6,1,DOG,40291.0,172
2012,7,1,CAT,40217.0,173
2012,7,1,CAT,40218.0,174
2012,7,1,CAT,40222.0,175
2012,7,1,CAT,40272.0,176
2012,7,1,DOG,40059.0,177
2012,7,1,DOG,40205.0,178
2012,7,1,DOG,40212.0,179
2012,7,2,DOG,40214.0,180
2012,7,1,DOG,40215.0,181
2012,7,1,DOG,40216.0,182
2012,7,2,DOG,40218.0,183
2012,7,3,DOG,40219.0,184
2012,7,1,DOG,40220.0,185
2012,7,1,DOG,40222.0,186
2012,7,1,DOG,40223.0,187
2012,7,1,DOG,40229.0,188
2012,7,1,DOG,40242.0,189
2012,7,2,DOG,40258.0,190
2012,7,1,DOG,40272.0,191
2012,7,3,DOG,40291.0,192
2012,7,1,DOG,40299.0,193
2012,8,1,CAT,40206.0,194
2012,8,1,CAT,40222.0,195
2012,8,1,DOG,40207.0,196
2012,8,3,DOG,40214.0,197
2012,8,1,DOG,40215.0,198
2012,8,2,DOG,40218.0,199
2012,8,1,DOG,40219.0,200
2012,8,1,DOG,40220.0,201
2012,8,2,DOG,40223.0,202
2012,8,2,DOG,40228.0,203
2012,8,2,DOG,40229.0,204
2012,8,1,DOG,40245.0,205
2012,8,5,DOG,40291.0,206
2012,8,6,DOG,40299.0,207
2012,9,1,CAT,40041.0,208
2012,9,1,CAT,40218.0,209
2012,9,1,CAT,40223.0,210
2012,9,1,CAT,40242.0,211
2012,9,1,DOG,40041.0,212
2012,9,1,DOG,40207.0,213
2012,9,1,DOG,40214.0,214
2012,9,1,DOG,40216.0,215
2012,9,1,DOG,40219.0,216
2012,9,1,DOG,40291.0,217
2012,9,1,DOG,40299.0,218
2012,10,2,CAT,40207.0,219
2012,10,1,CAT,40228.0,220
2012,10,1,CAT,40258.0,221
2012,10,1,DOG,40205.0,222
2012,10,1,DOG,40211.0,223
2012,10,2,DOG,40216.0,224
2012,10,1,DOG,40219.0,225
2012,10,1,DOG,40220.0,226
2012,10,1,DOG,40245.0,227
2012,10,1,DOG,40258.0,228
2012,10,2,DOG,40299.0,229
2012,11,1,CAT,40258.0,230
2012,11,2,DOG,40204.0,231
2012,11,1,DOG,40206.0,232
2012,11,1,DOG,40207.0,233
2012,11,1,DOG,40211.0,234
2012,11,1,DOG,40214.0,235
2012,11,2,DOG,40216.0,236
2012,11,1,DOG,40223.0,237
2012,11,2,DOG,40272.0,238
2012,11,1,DOG,40291.0,239
2012,11,1,DOG,40299.0,240
2012,12,2,CAT,40215.0,241
2012,12,1,CAT,40228.0,242
2012,12,1,CAT,40272.0,243
2012,12,2,DOG,40206.0,244
2012,12,1,DOG,40219.0,245
2012,12,1,DOG,40220.0,246
2012,12,1,DOG,40222.0,247
2012,12,1,DOG,40242.0,248
2012,12,1,DOG,40245.0,249
2012,12,1,DOG,40299.0,250
2013,1,1,CAT,40206.0,251
2013,1,1,DOG,40213.0,252
2013,1,2,DOG,40215.0,253
2013,1,1,DOG,40216.0,254
2013,1,1,DOG,40217.0,255
2013,1,2,DOG,40219.0,256
2013,1,1,DOG,40241.0,257
2013,1,1,DOG,40299.0,258
2013,2,4,CAT,40214.0,259
2013,2,1,CAT,40228.0,260
2013,2,1,CAT,40299.0,261
2013,2,1,DOG,40059.0,262
2013,2,1,DOG,40207.0,263
2013,2,1,DOG,40210.0,264
2013,2,2,DOG,40214.0,265
2013,2,1,DOG,40216.0,266
2013,2,1,DOG,40241.0,267
2013,2,1,DOG,40291.0,268
2013,3,1,CAT,40216.0,269
2013,3,1,CAT,40272.0,270
2013,3,1,DOG,40208.0,271
2013,3,2,DOG,40214.0,272
2013,3,2,DOG,40218.0,273
2013,3,1,DOG,40220.0,274
2013,3,1,DOG,40223.0,275
2013,3,2,DOG,40258.0,276
2013,3,2,DOG,40299.0,277
2013,4,1,CAT,40205.0,278
2013,4,1,CAT,40215.0,279
2013,4,1,CAT,40222.0,280
2013,4,1,DOG,40205.0,281
2013,4,1,DOG,40210.0,282
2013,4,1,DOG,40212.0,283
2013,4,1,DOG,40214.0,284
2013,4,5,DOG,40215.0,285
2013,4,2,DOG,40216.0,286
2013,4,1,DOG,40219.0,287
2013,4,1,DOG,40220.0,288
2013,4,1,DOG,40222.0,289
2013,4,1,DOG,40245.0,290
2013,4,2,DOG,40258.0,291
2013,4,1,DOG,40272.0,292
2013,4,3,DOG,40299.0,293
2013,5,2,CAT,40118.0,294
2013,5,1,CAT,40205.0,295
2013,5,1,CAT,40206.0,296
2013,5,1,CAT,40208.0,297
2013,5,3,CAT,40214.0,298
2013,5,1,CAT,40215.0,299
2013,5,3,CAT,40216.0,300
2013,5,1,CAT,40219.0,301
2013,5,1,CAT,40223.0,302
2013,5,5,CAT,40258.0,303
2013,5,1,CAT,40272.0,304
2013,5,1,DOG,40118.0,305
2013,5,2,DOG,40203.0,306
2013,5,3,DOG,40205.0,307
2013,5,1,DOG,40206.0,308
2013,5,1,DOG,40207.0,309
2013,5,2,DOG,40208.0,310
2013,5,2,DOG,40212.0,311
2013,5,7,DOG,40214.0,312
2013,5,2,DOG,40215.0,313
2013,5,9,DOG,40216.0,314
2013,5,2,DOG,40217.0,315
2013,5,2,DOG,40219.0,316
2013,5,4,DOG,40220.0,317
2013,5,1,DOG,40222.0,318
2013,5,2,DOG,40223.0,319
2013,5,2,DOG,40228.0,320
2013,5,3,DOG,40229.0,321
2013,5,1,DOG,40241.0,322
2013,5,2,DOG,40258.0,323
2013,5,1,DOG,40259.0,324
2013,5,5,DOG,40272.0,325
2013,5,3,DOG,40291.0,326
2013,5,2,DOG,40299.0,327
2013,6,2,CAT,40204.0,328
2013,6,1,CAT,40205.0,329
2013,6,1,CAT,40206.0,330
2013,6,1,CAT,40208.0,331
2013,6,1,CAT,40214.0,332
2013,6,5,CAT,40216.0,333
2013,6,3,CAT,40218.0,334
2013,6,2,CAT,40219.0,335
2013,6,2,CAT,40220.0,336
2013,6,3,CAT,40229.0,337
2013,6,2,CAT,40245.0,338
2013,6,1,CAT,40272.0,339
2013,6,1,CAT,40299.0,340
2013,6,4,DOG,40118.0,341
2013,6,3,DOG,40204.0,342
2013,6,4,DOG,40205.0,343
2013,6,3,DOG,40206.0,344
2013,6,3,DOG,40207.0,345
2013,6,1,DOG,40208.0,346
2013,6,1,DOG,40211.0,347
2013,6,2,DOG,40212.0,348
2013,6,13,DOG,40214.0,349
2013,6,6,DOG,40215.0,350
2013,6,12,DOG,40216.0,351
2013,6,1,DOG,40217.0,352
2013,6,9,DOG,40218.0,353
2013,6,8,DOG,40219.0,354
2013,6,2,DOG,40220.0,355
2013,6,2,DOG,40222.0,356
2013,6,3,DOG,40223.0,357
2013,6,2,DOG,40228.0,358
2013,6,3,DOG,40229.0,359
2013,6,1,DOG,40243.0,360
2013,6,3,DOG,40245.0,361
2013,6,1,DOG,4025.0,362
2013,6,5,DOG,40258.0,363
2013,6,5,DOG,40272.0,364
2013,6,4,DOG,40291.0,365
2013,6,10,DOG,40299.0,366
2013,6,1,DOG,40437.0,367
2013,6,1,DOG,47150.0,368
2013,7,1,CAT,40204.0,369
2013,7,1,CAT,40205.0,370
2013,7,3,CAT,40207.0,371
2013,7,1,CAT,40208.0,372
2013,7,1,CAT,40212.0,373
2013,7,3,CAT,40214.0,374
2013,7,1,CAT,40215.0,375
2013,7,1,CAT,40216.0,376
2013,7,3,CAT,40217.0,377
2013,7,3,CAT,40218.0,378
2013,7,4,CAT,40220.0,379
2013,7,3,CAT,40222.0,380
2013,7,2,CAT,40229.0,381
2013,7,1,CAT,40241.0,382
2013,7,1,CAT,40245.0,383
2013,7,3,CAT,40258.0,384
2013,7,4,CAT,40272.0,385
2013,7,1,CAT,40291.0,386
2013,7,1,CAT,40299.0,387
2013,7,2,DOG,40027.0,388
2013,7,6,DOG,40118.0,389
2013,7,4,DOG,40203.0,390
2013,7,6,DOG,40204.0,391
2013,7,4,DOG,40205.0,392
2013,7,1,DOG,40206.0,393
2013,7,10,DOG,40207.0,394
2013,7,1,DOG,40208.0,395
2013,7,3,DOG,40210.0,396
2013,7,4,DOG,40212.0,397
2013,7,4,DOG,40213.0,398
2013,7,7,DOG,40214.0,399
2013,7,3,DOG,40215.0,400
2013,7,10,DOG,40216.0,401
2013,7,3,DOG,40217.0,402
2013,7,6,DOG,40218.0,403
2013,7,6,DOG,40219.0,404
2013,7,15,DOG,40220.0,405
2013,7,6,DOG,40222.0,406
2013,7,7,DOG,40223.0,407
2013,7,1,DOG,40228.0,408
2013,7,2,DOG,40229.0,409
2013,7,1,DOG,40241.0,410
2013,7,4,DOG,40242.0,411
2013,7,5,DOG,40245.0,412
2013,7,8,DOG,40258.0,413
2013,7,1,DOG,40268.0,414
2013,7,8,DOG,40272.0,415
2013,7,3,DOG,40291.0,416
2013,7,5,DOG,40299.0,417
2013,8,3,CAT,40118.0,418
2013,8,1,CAT,40204.0,419
2013,8,7,CAT,40205.0,420
2013,8,3,CAT,40206.0,421
2013,8,2,CAT,40207.0,422
2013,8,1,CAT,40208.0,423
2013,8,1,CAT,40212.0,424
2013,8,2,CAT,40213.0,425
2013,8,3,CAT,40214.0,426
2013,8,1,CAT,40216.0,427
2013,8,1,CAT,40217.0,428
2013,8,4,CAT,40218.0,429
2013,8,5,CAT,40219.0,430
2013,8,2,CAT,40220.0,431
2013,8,2,CAT,40222.0,432
2013,8,2,CAT,40228.0,433
2013,8,4,CAT,40241.0,434
2013,8,1,CAT,40242.0,435
2013,8,2,CAT,40243.0,436
2013,8,1,CAT,40250.0,437
2013,8,3,CAT,40272.0,438
2013,8,3,CAT,40299.0,439
2013,8,1,DOG,40059.0,440
2013,8,2,DOG,40118.0,441
2013,8,1,DOG,40165.0,442
2013,8,3,DOG,40203.0,443
2013,8,5,DOG,40204.0,444
2013,8,2,DOG,40205.0,445
2013,8,2,DOG,40206.0,446
2013,8,5,DOG,40207.0,447
2013,8,3,DOG,40208.0,448
2013,8,2,DOG,40210.0,449
2013,8,2,DOG,40211.0,450
2013,8,3,DOG,40212.0,451
2013,8,4,DOG,40213.0,452
2013,8,11,DOG,40214.0,453
2013,8,8,DOG,40215.0,454
2013,8,13,DOG,40216.0,455
2013,8,5,DOG,40217.0,456
2013,8,5,DOG,40218.0,457
2013,8,4,DOG,40219.0,458
2013,8,17,DOG,40220.0,459
2013,8,5,DOG,40222.0,460
2013,8,3,DOG,40223.0,461
2013,8,3,DOG,40228.0,462
2013,8,3,DOG,40229.0,463
2013,8,6,DOG,40241.0,464
2013,8,3,DOG,40242.0,465
2013,8,1,DOG,40243.0,466
2013,8,1,DOG,40245.0,467
2013,8,4,DOG,40258.0,468
2013,8,2,DOG,40268.0,469
2013,8,13,DOG,40272.0,470
2013,8,3,DOG,40291.0,471
2013,8,12,DOG,40299.0,472
2013,8,1,DOG,47130.0,473
2013,9,1,CAT,40059.0,474
2013,9,1,CAT,40118.0,475
2013,9,1,CAT,40204.0,476
2013,9,2,CAT,40205.0,477
2013,9,3,CAT,40212.0,478
2013,9,1,CAT,40213.0,479
2013,9,3,CAT,40214.0,480
2013,9,1,CAT,40215.0,481
2013,9,3,CAT,40216.0,482
2013,9,1,CAT,40218.0,483
2013,9,2,CAT,40219.0,484
2013,9,1,CAT,40220.0,485
2013,9,1,CAT,40222.0,486
2013,9,1,CAT,40223.0,487
2013,9,1,CAT,40228.0,488
2013,9,1,CAT,40229.0,489
2013,9,2,CAT,40241.0,490
2013,9,1,CAT,40242.0,491
2013,9,1,CAT,40243.0,492
2013,9,4,CAT,40272.0,493
2013,9,2,CAT,40291.0,494
2013,9,3,CAT,40299.0,495
2013,9,1,DOG,8072.0,496
2013,9,2,DOG,40059.0,497
2013,9,1,DOG,40118.0,498
2013,9,1,DOG,40203.0,499
2013,9,1,DOG,40204.0,500
2013,9,10,DOG,40205.0,501
2013,9,1,DOG,40206.0,502
2013,9,3,DOG,40207.0,503
2013,9,2,DOG,40212.0,504
2013,9,1,DOG,40213.0,505
2013,9,14,DOG,40214.0,506
2013,9,8,DOG,40215.0,507
2013,9,11,DOG,40216.0,508
2013,9,2,DOG,40217.0,509
2013,9,3,DOG,40218.0,510
2013,9,11,DOG,40219.0,511
2013,9,5,DOG,40220.0,512
2013,9,2,DOG,40222.0,513
2013,9,3,DOG,40223.0,514
2013,9,3,DOG,40228.0,515
2013,9,6,DOG,40229.0,516
2013,9,3,DOG,40241.0,517
2013,9,4,DOG,40242.0,518
2013,9,1,DOG,40243.0,519
2013,9,2,DOG,40245.0,520
2013,9,7,DOG,40258.0,521
2013,9,5,DOG,40272.0,522
2013,9,4,DOG,40291.0,523
2013,9,10,DOG,40299.0,524
2013,9,1,DOG,40601.0,525
2013,10,1,CAT,40023.0,526
2013,10,2,CAT,40047.0,527
2013,10,1,CAT,40201.0,528
2013,10,3,CAT,40204.0,529
2013,10,3,CAT,40205.0,530
2013,10,2,CAT,40207.0,531
2013,10,3,CAT,40212.0,532
2013,10,2,CAT,40213.0,533
2013,10,3,CAT,40214.0,534
2013,10,1,CAT,40215.0,535
2013,10,3,CAT,40216.0,536
2013,10,1,CAT,40217.0,537
2013,10,1,CAT,40219.0,538
2013,10,7,CAT,40220.0,539
2013,10,3,CAT,40222.0,540
2013,10,3,CAT,40223.0,541
2013,10,2,CAT,40228.0,542
2013,10,1,CAT,40229.0,543
2013,10,1,CAT,40243.0,544
2013,10,1,CAT,40245.0,545
2013,10,7,CAT,40272.0,546
2013,10,2,CAT,40291.0,547
2013,10,1,CAT,40299.0,548
2013,10,1,DOG,40023.0,549
2013,10,1,DOG,40041.0,550
2013,10,1,DOG,40059.0,551
2013,10,2,DOG,40077.0,552
2013,10,2,DOG,40201.0,553
2013,10,2,DOG,40203.0,554
2013,10,2,DOG,40204.0,555
2013,10,15,DOG,40205.0,556
2013,10,5,DOG,40206.0,557
2013,10,17,DOG,40207.0,558
2013,10,1,DOG,40208.0,559
2013,10,1,DOG,40210.0,560
2013,10,3,DOG,40211.0,561
2013,10,2,DOG,40212.0,562
2013,10,8,DOG,40213.0,563
2013,10,12,DOG,40214.0,564
2013,10,7,DOG,40215.0,565
2013,10,10,DOG,40216.0,566
2013,10,6,DOG,40217.0,567
2013,10,6,DOG,40218.0,568
2013,10,7,DOG,40219.0,569
2013,10,6,DOG,40220.0,570
2013,10,7,DOG,40222.0,571
2013,10,4,DOG,40223.0,572
2013,10,5,DOG,40228.0,573
2013,10,4,DOG,40229.0,574
2013,10,1,DOG,40241.0,575
2013,10,3,DOG,40242.0,576
2013,10,7,DOG,40243.0,577
2013,10,1,DOG,40253.0,578
2013,10,11,DOG,40258.0,579
2013,10,5,DOG,40272.0,580
2013,10,8,DOG,40291.0,581
2013,10,12,DOG,40299.0,582
2013,11,1,CAT,40023.0,583
2013,11,1,CAT,40118.0,584
2013,11,5,CAT,40204.0,585
2013,11,3,CAT,40205.0,586
2013,11,2,CAT,40206.0,587
2013,11,2,CAT,40207.0,588
2013,11,1,CAT,40208.0,589
2013,11,2,CAT,40210.0,590
2013,11,3,CAT,40213.0,591
2013,11,14,CAT,40214.0,592
2013,11,4,CAT,40215.0,593
2013,11,6,CAT,40216.0,594
2013,11,4,CAT,40217.0,595
2013,11,3,CAT,40218.0,596
2013,11,4,CAT,40219.0,597
2013,11,2,CAT,40220.0,598
2013,11,2,CAT,40222.0,599
2013,11,1,CAT,40223.0,600
2013,11,5,CAT,40228.0,601
2013,11,7,CAT,40229.0,602
2013,11,2,CAT,40243.0,603
2013,11,2,CAT,40245.0,604
2013,11,3,CAT,40258.0,605
2013,11,8,CAT,40272.0,606
2013,11,1,CAT,40291.0,607
2013,11,1,DOG,40023.0,608
2013,11,1,DOG,40059.0,609
2013,11,1,DOG,40071.0,610
2013,11,3,DOG,40118.0,611
2013,11,2,DOG,40204.0,612
2013,11,11,DOG,40205.0,613
2013,11,1,DOG,40206.0,614
2013,11,8,DOG,40207.0,615
2013,11,1,DOG,40208.0,616
2013,11,1,DOG,40209.0,617
2013,11,1,DOG,40212.0,618
2013,11,12,DOG,40213.0,619
2013,11,25,DOG,40214.0,620
2013,11,5,DOG,40215.0,621
2013,11,8,DOG,40216.0,622
2013,11,12,DOG,40217.0,623
2013,11,5,DOG,40218.0,624
2013,11,10,DOG,40219.0,625
2013,11,4,DOG,40220.0,626
2013,11,3,DOG,40222.0,627
2013,11,5,DOG,40223.0,628
2013,11,9,DOG,40228.0,629
2013,11,8,DOG,40229.0,630
2013,11,3,DOG,40241.0,631
2013,11,6,DOG,40242.0,632
2013,11,2,DOG,40243.0,633
2013,11,6,DOG,40245.0,634
2013,11,8,DOG,40258.0,635
2013,11,16,DOG,40272.0,636
2013,11,3,DOG,40291.0,637
2013,11,3,DOG,40299.0,638
2013,12,1,CAT,40059.0,639
2013,12,4,CAT,40205.0,640
2013,12,1,CAT,40206.0,641
2013,12,1,CAT,40207.0,642
2013,12,1,CAT,40208.0,643
2013,12,1,CAT,40212.0,644
2013,12,5,CAT,40214.0,645
2013,12,1,CAT,40215.0,646
2013,12,2,CAT,40216.0,647
2013,12,1,CAT,40217.0,648
2013,12,2,CAT,40219.0,649
2013,12,3,CAT,40220.0,650
2013,12,2,CAT,40223.0,651
2013,12,1,CAT,40229.0,652
2013,12,3,CAT,40241.0,653
2013,12,1,CAT,40268.0,654
2013,12,1,CAT,40272.0,655
2013,12,1,CAT,40299.0,656
2013,12,1,DOG,,657
2013,12,2,DOG,40118.0,658
2013,12,1,DOG,40160.0,659
2013,12,1,DOG,40203.0,660
2013,12,3,DOG,40204.0,661
2013,12,6,DOG,40205.0,662
2013,12,4,DOG,40206.0,663
2013,12,3,DOG,40207.0,664
2013,12,3,DOG,40208.0,665
2013,12,1,DOG,40211.0,666
2013,12,2,DOG,40213.0,667
2013,12,9,DOG,40214.0,668
2013,12,3,DOG,40215.0,669
2013,12,12,DOG,40216.0,670
2013,12,3,DOG,40218.0,671
2013,12,6,DOG,40219.0,672
2013,12,7,DOG,40220.0,673
2013,12,3,DOG,40222.0,674
2013,12,1,DOG,40223.0,675
2013,12,1,DOG,40228.0,676
2013,12,2,DOG,40229.0,677
2013,12,3,DOG,40241.0,678
2013,12,1,DOG,40242.0,679
2013,12,2,DOG,40243.0,680
2013,12,8,DOG,40258.0,681
2013,12,3,DOG,40272.0,682
2013,12,2,DOG,40291.0,683
2013,12,6,DOG,40299.0,684
2014,1,3,CAT,40204.0,685
2014,1,1,CAT,40205.0,686
2014,1,1,CAT,40207.0,687
2014,1,2,CAT,40208.0,688
2014,1,4,CAT,40213.0,689
2014,1,4,CAT,40215.0,690
2014,1,3,CAT,40216.0,691
2014,1,1,CAT,40217.0,692
2014,1,3,CAT,40218.0,693
2014,1,2,CAT,40220.0,694
2014,1,1,CAT,40222.0,695
2014,1,1,CAT,40223.0,696
2014,1,2,CAT,40228.0,697
2014,1,1,CAT,40229.0,698
2014,1,1,CAT,40241.0,699
2014,1,5,CAT,40245.0,700
2014,1,4,CAT,40258.0,701
2014,1,7,CAT,40272.0,702
2014,1,1,CAT,40291.0,703
2014,1,1,DOG,,704
2014,1,4,DOG,40059.0,705
2014,1,1,DOG,40203.0,706
2014,1,4,DOG,40204.0,707
2014,1,7,DOG,40205.0,708
2014,1,1,DOG,40206.0,709
2014,1,7,DOG,40207.0,710
2014,1,1,DOG,40208.0,711
2014,1,4,DOG,40211.0,712
2014,1,2,DOG,40212.0,713
2014,1,9,DOG,40213.0,714
2014,1,4,DOG,40214.0,715
2014,1,3,DOG,40215.0,716
2014,1,9,DOG,40216.0,717
2014,1,1,DOG,40217.0,718
2014,1,4,DOG,40218.0,719
2014,1,13,DOG,40219.0,720
2014,1,7,DOG,40220.0,721
2014,1,6,DOG,40222.0,722
2014,1,3,DOG,40223.0,723
2014,1,4,DOG,40228.0,724
2014,1,7,DOG,40229.0,725
2014,1,10,DOG,40241.0,726
2014,1,3,DOG,40242.0,727
2014,1,2,DOG,40243.0,728
2014,1,2,DOG,40245.0,729
2014,1,12,DOG,40258.0,730
2014,1,1,DOG,40268.0,731
2014,1,10,DOG,40272.0,732
2014,1,7,DOG,40291.0,733
2014,1,10,DOG,40299.0,734
2014,2,1,CAT,23130.0,735
2014,2,2,CAT,40059.0,736
2014,2,2,CAT,40204.0,737
2014,2,6,CAT,40205.0,738
2014,2,1,CAT,40206.0,739
2014,2,7,CAT,40207.0,740
2014,2,8,CAT,40214.0,741
2014,2,3,CAT,40216.0,742
2014,2,1,CAT,40217.0,743
2014,2,1,CAT,40218.0,744
2014,2,1,CAT,40219.0,745
2014,2,3,CAT,40220.0,746
2014,2,3,CAT,40222.0,747
2014,2,3,CAT,40223.0,748
2014,2,2,CAT,40228.0,749
2014,2,5,CAT,40229.0,750
2014,2,3,CAT,40241.0,751
2014,2,1,CAT,40243.0,752
2014,2,3,CAT,40245.0,753
2014,2,5,CAT,40258.0,754
2014,2,12,CAT,40272.0,755
2014,2,10,CAT,40291.0,756
2014,2,2,CAT,40299.0,757
2014,2,1,DOG,40059.0,758
2014,2,1,DOG,40118.0,759
2014,2,1,DOG,40203.0,760
2014,2,5,DOG,40204.0,761
2014,2,7,DOG,40205.0,762
2014,2,4,DOG,40206.0,763
2014,2,15,DOG,40207.0,764
2014,2,2,DOG,40208.0,765
2014,2,1,DOG,40211.0,766
2014,2,3,DOG,40212.0,767
2014,2,11,DOG,40213.0,768
2014,2,9,DOG,40214.0,769
2014,2,5,DOG,40215.0,770
2014,2,12,DOG,40216.0,771
2014,2,7,DOG,40217.0,772
2014,2,5,DOG,40218.0,773
2014,2,5,DOG,40219.0,774
2014,2,5,DOG,40220.0,775
2014,2,8,DOG,40222.0,776
2014,2,3,DOG,40223.0,777
2014,2,9,DOG,40228.0,778
2014,2,6,DOG,40229.0,779
2014,2,5,DOG,40241.0,780
2014,2,6,DOG,40242.0,781
2014,2,1,DOG,40243.0,782
2014,2,1,DOG,40245.0,783
2014,2,3,DOG,40258.0,784
2014,2,6,DOG,40272.0,785
2014,2,7,DOG,40291.0,786
2014,2,7,DOG,40299.0,787
2014,2,2,DOG,47130.0,788
2014,3,1,CAT,40059.0,789
2014,3,1,CAT,40065.0,790
2014,3,4,CAT,40205.0,791
2014,3,1,CAT,40206.0,792
2014,3,3,CAT,40207.0,793
2014,3,1,CAT,40208.0,794
2014,3,2,CAT,40212.0,795
2014,3,1,CAT,40213.0,796
2014,3,3,CAT,40214.0,797
2014,3,1,CAT,40215.0,798
2014,3,1,CAT,40217.0,799
2014,3,1,CAT,40218.0,800
2014,3,3,CAT,40219.0,801
2014,3,3,CAT,40220.0,802
2014,3,2,CAT,40222.0,803
2014,3,2,CAT,40223.0,804
2014,3,3,CAT,40229.0,805
2014,3,1,CAT,40241.0,806
2014,3,1,CAT,40242.0,807
2014,3,2,CAT,40245.0,808
2014,3,5,CAT,40272.0,809
2014,3,1,CAT,40291.0,810
2014,3,2,CAT,40299.0,811
2014,3,2,DOG,40023.0,812
2014,3,2,DOG,40025.0,813
2014,3,1,DOG,40069.0,814
2014,3,1,DOG,40107.0,815
2014,3,1,DOG,40118.0,816
2014,3,1,DOG,40203.0,817
2014,3,5,DOG,40204.0,818
2014,3,9,DOG,40205.0,819
2014,3,5,DOG,40206.0,820
2014,3,10,DOG,40207.0,821
2014,3,2,DOG,40208.0,822
2014,3,5,DOG,40210.0,823
2014,3,1,DOG,40211.0,824
2014,3,1,DOG,40212.0,825
2014,3,2,DOG,40213.0,826
2014,3,5,DOG,40214.0,827
2014,3,2,DOG,40215.0,828
2014,3,7,DOG,40216.0,829
2014,3,4,DOG,40217.0,830
2014,3,5,DOG,40218.0,831
2014,3,14,DOG,40219.0,832
2014,3,10,DOG,40220.0,833
2014,3,1,DOG,40222.0,834
2014,3,2,DOG,40223.0,835
2014,3,4,DOG,40228.0,836
2014,3,5,DOG,40229.0,837
2014,3,1,DOG,40232.0,838
2014,3,4,DOG,40241.0,839
2014,3,2,DOG,40242.0,840
2014,3,2,DOG,40243.0,841
2014,3,5,DOG,40245.0,842
2014,3,8,DOG,40258.0,843
2014,3,9,DOG,40272.0,844
2014,3,8,DOG,40291.0,845
2014,3,7,DOG,40299.0,846
2014,3,1,DOG,47130.0,847
2014,4,1,CAT,40059.0,848
2014,4,1,CAT,40118.0,849
2014,4,1,CAT,40203.0,850
2014,4,7,CAT,40205.0,851
2014,4,1,CAT,40206.0,852
2014,4,2,CAT,40211.0,853
2014,4,2,CAT,40214.0,854
2014,4,3,CAT,40215.0,855
2014,4,1,CAT,40216.0,856
2014,4,4,CAT,40217.0,857
2014,4,1,CAT,40218.0,858
2014,4,1,CAT,40219.0,859
2014,4,1,CAT,40222.0,860
2014,4,3,CAT,40223.0,861
2014,4,1,CAT,40228.0,862
2014,4,3,CAT,40229.0,863
2014,4,10,CAT,40241.0,864
2014,4,1,CAT,40243.0,865
2014,4,1,CAT,40245.0,866
2014,4,2,CAT,40258.0,867
2014,4,2,CAT,40268.0,868
2014,4,6,CAT,40272.0,869
2014,4,3,CAT,40299.0,870
2014,4,1,DOG,,871
2014,4,3,DOG,40059.0,872
2014,4,2,DOG,40118.0,873
2014,4,1,DOG,40202.0,874
2014,4,4,DOG,40203.0,875
2014,4,3,DOG,40204.0,876
2014,4,6,DOG,40205.0,877
2014,4,5,DOG,40206.0,878
2014,4,9,DOG,40207.0,879
2014,4,1,DOG,40208.0,880
2014,4,1,DOG,40210.0,881
2014,4,1,DOG,40211.0,882
2014,4,6,DOG,40212.0,883
2014,4,4,DOG,40213.0,884
2014,4,12,DOG,40214.0,885
2014,4,4,DOG,40215.0,886
2014,4,10,DOG,40216.0,887
2014,4,3,DOG,40217.0,888
2014,4,7,DOG,40218.0,889
2014,4,12,DOG,40219.0,890
2014,4,4,DOG,40220.0,891
2014,4,2,DOG,40222.0,892
2014,4,10,DOG,40223.0,893
2014,4,3,DOG,40228.0,894
2014,4,10,DOG,40229.0,895
2014,4,10,DOG,40241.0,896
2014,4,3,DOG,40242.0,897
2014,4,3,DOG,40243.0,898
2014,4,5,DOG,40245.0,899
2014,4,8,DOG,40258.0,900
2014,4,1,DOG,40268.0,901
2014,4,14,DOG,40272.0,902
2014,4,7,DOG,40291.0,903
2014,4,4,DOG,40299.0,904
2014,5,1,CAT,23130.0,905
2014,5,1,CAT,40059.0,906
2014,5,1,CAT,40118.0,907
2014,5,1,CAT,40204.0,908
2014,5,2,CAT,40205.0,909
2014,5,1,CAT,40206.0,910
2014,5,1,CAT,40207.0,911
2014,5,1,CAT,40208.0,912
2014,5,4,CAT,40214.0,913
2014,5,5,CAT,40216.0,914
2014,5,1,CAT,40217.0,915
2014,5,2,CAT,40218.0,916
2014,5,1,CAT,40219.0,917
2014,5,1,CAT,40220.0,918
2014,5,1,CAT,40222.0,919
2014,5,1,CAT,40223.0,920
2014,5,2,CAT,40229.0,921
2014,5,2,CAT,40242.0,922
2014,5,1,CAT,40245.0,923
2014,5,4,CAT,40258.0,924
2014,5,4,CAT,40272.0,925
2014,5,3,CAT,40299.0,926
2014,5,1,DOG,40059.0,927
2014,5,2,DOG,40118.0,928
2014,5,1,DOG,40203.0,929
2014,5,3,DOG,40204.0,930
2014,5,4,DOG,40205.0,931
2014,5,3,DOG,40206.0,932
2014,5,5,DOG,40207.0,933
2014,5,1,DOG,40208.0,934
2014,5,1,DOG,40211.0,935
2014,5,4,DOG,40212.0,936
2014,5,2,DOG,40213.0,937
2014,5,13,DOG,40214.0,938
2014,5,5,DOG,40215.0,939
2014,5,17,DOG,40216.0,940
2014,5,2,DOG,40217.0,941
2014,5,3,DOG,40218.0,942
2014,5,7,DOG,40219.0,943
2014,5,11,DOG,40220.0,944
2014,5,5,DOG,40222.0,945
2014,5,1,DOG,40223.0,946
2014,5,1,DOG,40228.0,947
2014,5,3,DOG,40229.0,948
2014,5,1,DOG,40241.0,949
2014,5,3,DOG,40242.0,950
2014,5,3,DOG,40243.0,951
2014,5,2,DOG,40245.0,952
2014,5,8,DOG,40258.0,953
2014,5,14,DOG,40272.0,954
2014,5,3,DOG,40291.0,955
2014,5,12,DOG,40299.0,956
2014,6,1,CAT,40047.0,957
2014,6,2,CAT,40109.0,958
2014,6,2,CAT,40204.0,959
2014,6,5,CAT,40205.0,960
2014,6,1,CAT,40206.0,961
2014,6,3,CAT,40207.0,962
2014,6,2,CAT,40208.0,963
2014,6,2,CAT,40212.0,964
2014,6,2,CAT,40214.0,965
2014,6,2,CAT,40216.0,966
2014,6,1,CAT,40218.0,967
2014,6,1,CAT,40219.0,968
2014,6,5,CAT,40222.0,969
2014,6,1,CAT,40223.0,970
2014,6,4,CAT,40228.0,971
2014,6,1,CAT,40229.0,972
2014,6,1,CAT,40241.0,973
2014,6,3,CAT,40245.0,974
2014,6,3,CAT,40258.0,975
2014,6,1,CAT,40272.0,976
2014,6,2,CAT,40291.0,977
2014,6,3,CAT,40299.0,978
2014,6,2,DOG,40023.0,979
2014,6,1,DOG,40118.0,980
2014,6,2,DOG,40203.0,981
2014,6,3,DOG,40204.0,982
2014,6,6,DOG,40205.0,983
2014,6,4,DOG,40206.0,984
2014,6,7,DOG,40207.0,985
2014,6,3,DOG,40208.0,986
2014,6,3,DOG,40212.0,987
2014,6,2,DOG,40213.0,988
2014,6,11,DOG,40214.0,989
2014,6,6,DOG,40215.0,990
2014,6,10,DOG,40216.0,991
2014,6,11,DOG,40217.0,992
2014,6,2,DOG,40218.0,993
2014,6,8,DOG,40219.0,994
2014,6,3,DOG,40220.0,995
2014,6,6,DOG,40222.0,996
2014,6,8,DOG,40223.0,997
2014,6,5,DOG,40228.0,998
2014,6,10,DOG,40229.0,999
2014,6,3,DOG,40241.0,1000
2014,6,1,DOG,40242.0,1001
2014,6,2,DOG,40243.0,1002
2014,6,7,DOG,40258.0,1003
2014,6,1,DOG,40259.0,1004
2014,6,8,DOG,40272.0,1005
2014,6,4,DOG,40291.0,1006
2014,6,5,DOG,40299.0,1007
2014,7,1,CAT,40023.0,1008
2014,7,1,CAT,40047.0,1009
2014,7,2,CAT,40205.0,1010
2014,7,2,CAT,40206.0,1011
2014,7,3,CAT,40207.0,1012
2014,7,1,CAT,40211.0,1013
2014,7,2,CAT,40212.0,1014
2014,7,2,CAT,40213.0,1015
2014,7,4,CAT,40214.0,1016
2014,7,1,CAT,40216.0,1017
2014,7,2,CAT,40217.0,1018
2014,7,8,CAT,40218.0,1019
2014,7,4,CAT,40219.0,1020
2014,7,7,CAT,40220.0,1021
2014,7,2,CAT,40222.0,1022
2014,7,3,CAT,40223.0,1023
2014,7,5,CAT,40228.0,1024
2014,7,1,CAT,40241.0,1025
2014,7,3,CAT,40243.0,1026
2014,7,4,CAT,40258.0,1027
2014,7,5,CAT,40272.0,1028
2014,7,4,CAT,40299.0,1029
2014,7,1,DOG,40004.0,1030
2014,7,1,DOG,40059.0,1031
2014,7,6,DOG,40118.0,1032
2014,7,1,DOG,40165.0,1033
2014,7,1,DOG,40203.0,1034
2014,7,3,DOG,40204.0,1035
2014,7,8,DOG,40205.0,1036
2014,7,7,DOG,40207.0,1037
2014,7,3,DOG,40211.0,1038
2014,7,3,DOG,40212.0,1039
2014,7,1,DOG,40213.0,1040
2014,7,7,DOG,40214.0,1041
2014,7,5,DOG,40215.0,1042
2014,7,6,DOG,40216.0,1043
2014,7,1,DOG,40217.0,1044
2014,7,12,DOG,40218.0,1045
2014,7,10,DOG,40219.0,1046
2014,7,11,DOG,40220.0,1047
2014,7,4,DOG,40222.0,1048
2014,7,5,DOG,40223.0,1049
2014,7,5,DOG,40228.0,1050
2014,7,5,DOG,40229.0,1051
2014,7,2,DOG,40241.0,1052
2014,7,2,DOG,40242.0,1053
2014,7,8,DOG,40243.0,1054
2014,7,4,DOG,40245.0,1055
2014,7,5,DOG,40258.0,1056
2014,7,1,DOG,40268.0,1057
2014,7,13,DOG,40272.0,1058
2014,7,2,DOG,40291.0,1059
2014,7,7,DOG,40299.0,1060
2014,7,1,DOG,47115.0,1061
2014,7,2,DOG,47130.0,1062
2014,7,1,DOG,47250.0,1063
2014,8,1,CAT,40059.0,1064
2014,8,1,CAT,40118.0,1065
2014,8,2,CAT,40177.0,1066
2014,8,1,CAT,40203.0,1067
2014,8,1,CAT,40204.0,1068
2014,8,1,CAT,40205.0,1069
2014,8,3,CAT,40206.0,1070
2014,8,1,CAT,40207.0,1071
2014,8,2,CAT,40208.0,1072
2014,8,1,CAT,40212.0,1073
2014,8,6,CAT,40213.0,1074
2014,8,1,CAT,40214.0,1075
2014,8,6,CAT,40216.0,1076
2014,8,1,CAT,40218.0,1077
2014,8,1,CAT,40219.0,1078
2014,8,2,CAT,40220.0,1079
2014,8,1,CAT,40222.0,1080
2014,8,1,CAT,40223.0,1081
2014,8,1,CAT,40228.0,1082
2014,8,1,CAT,40229.0,1083
2014,8,2,CAT,40241.0,1084
2014,8,1,CAT,40242.0,1085
2014,8,1,CAT,40243.0,1086
2014,8,1,CAT,40245.0,1087
2014,8,1,CAT,40250.0,1088
2014,8,2,CAT,40258.0,1089
2014,8,4,CAT,40272.0,1090
2014,8,4,CAT,40299.0,1091
2014,8,1,DOG,40026.0,1092
2014,8,1,DOG,40059.0,1093
2014,8,1,DOG,40065.0,1094
2014,8,1,DOG,40118.0,1095
2014,8,2,DOG,40165.0,1096
2014,8,1,DOG,40203.0,1097
2014,8,3,DOG,40204.0,1098
2014,8,5,DOG,40205.0,1099
2014,8,2,DOG,40206.0,1100
2014,8,6,DOG,40207.0,1101
2014,8,2,DOG,40210.0,1102
2014,8,1,DOG,40211.0,1103
2014,8,4,DOG,40212.0,1104
2014,8,1,DOG,40213.0,1105
2014,8,2,DOG,40214.0,1106
2014,8,2,DOG,40215.0,1107
2014,8,12,DOG,40216.0,1108
2014,8,6,DOG,40217.0,1109
2014,8,1,DOG,40218.0,1110
2014,8,10,DOG,40219.0,1111
2014,8,7,DOG,40220.0,1112
2014,8,7,DOG,40222.0,1113
2014,8,4,DOG,40223.0,1114
2014,8,3,DOG,40228.0,1115
2014,8,4,DOG,40229.0,1116
2014,8,6,DOG,40241.0,1117
2014,8,3,DOG,40258.0,1118
2014,8,2,DOG,40268.0,1119
2014,8,10,DOG,40272.0,1120
2014,8,9,DOG,40291.0,1121
2014,8,9,DOG,40299.0,1122
2014,8,1,DOG,40601.0,1123
2014,9,1,,40241.0,1124
2014,9,1,CAT,40118.0,1125
2014,9,1,CAT,40204.0,1126
2014,9,6,CAT,40205.0,1127
2014,9,1,CAT,40206.0,1128
2014,9,1,CAT,40207.0,1129
2014,9,4,CAT,40208.0,1130
2014,9,4,CAT,40213.0,1131
2014,9,10,CAT,40214.0,1132
2014,9,4,CAT,40215.0,1133
2014,9,3,CAT,40216.0,1134
2014,9,2,CAT,40218.0,1135
2014,9,4,CAT,40219.0,1136
2014,9,1,CAT,40220.0,1137
2014,9,1,CAT,40222.0,1138
2014,9,1,CAT,40223.0,1139
2014,9,1,CAT,40228.0,1140
2014,9,3,CAT,40229.0,1141
2014,9,1,CAT,40243.0,1142
2014,9,4,CAT,40258.0,1143
2014,9,6,CAT,40272.0,1144
2014,9,3,CAT,40291.0,1145
2014,9,1,DOG,32780.0,1146
2014,9,1,DOG,40059.0,1147
2014,9,2,DOG,40204.0,1148
2014,9,13,DOG,40205.0,1149
2014,9,2,DOG,40206.0,1150
2014,9,7,DOG,40207.0,1151
2014,9,1,DOG,40208.0,1152
2014,9,1,DOG,40210.0,1153
2014,9,1,DOG,40211.0,1154
2014,9,3,DOG,40212.0,1155
2014,9,4,DOG,40213.0,1156
2014,9,26,DOG,40214.0,1157
2014,9,13,DOG,40215.0,1158
2014,9,15,DOG,40216.0,1159
2014,9,7,DOG,40217.0,1160
2014,9,3,DOG,40218.0,1161
2014,9,11,DOG,40219.0,1162
2014,9,8,DOG,40220.0,1163
2014,9,1,DOG,40222.0,1164
2014,9,4,DOG,40223.0,1165
2014,9,5,DOG,40228.0,1166
2014,9,6,DOG,40229.0,1167
2014,9,2,DOG,40241.0,1168
2014,9,5,DOG,40242.0,1169
2014,9,1,DOG,40243.0,1170
2014,9,1,DOG,40245.0,1171
2014,9,10,DOG,40258.0,1172
2014,9,19,DOG,40272.0,1173
2014,9,5,DOG,40291.0,1174
2014,9,5,DOG,40299.0,1175
2014,10,1,CAT,40004.0,1176
2014,10,2,CAT,40014.0,1177
2014,10,3,CAT,40023.0,1178
2014,10,1,CAT,40201.0,1179
2014,10,5,CAT,40204.0,1180
2014,10,2,CAT,40205.0,1181
2014,10,3,CAT,40212.0,1182
2014,10,5,CAT,40214.0,1183
2014,10,3,CAT,40217.0,1184
2014,10,1,CAT,40218.0,1185
2014,10,2,CAT,40220.0,1186
2014,10,3,CAT,40222.0,1187
2014,10,3,CAT,40223.0,1188
2014,10,1,CAT,40229.0,1189
2014,10,1,CAT,40241.0,1190
2014,10,2,CAT,40243.0,1191
2014,10,1,CAT,40245.0,1192
2014,10,6,CAT,40272.0,1193
2014,10,1,DOG,40004.0,1194
2014,10,3,DOG,40023.0,1195
2014,10,1,DOG,40059.0,1196
2014,10,3,DOG,40118.0,1197
2014,10,1,DOG,40165.0,1198
2014,10,2,DOG,40201.0,1199
2014,10,2,DOG,40203.0,1200
2014,10,4,DOG,40204.0,1201
2014,10,8,DOG,40205.0,1202
2014,10,2,DOG,40206.0,1203
2014,10,11,DOG,40207.0,1204
2014,10,1,DOG,40208.0,1205
2014,10,2,DOG,40210.0,1206
2014,10,4,DOG,40212.0,1207
2014,10,11,DOG,40213.0,1208
2014,10,9,DOG,40214.0,1209
2014,10,5,DOG,40215.0,1210
2014,10,6,DOG,40216.0,1211
2014,10,7,DOG,40217.0,1212
2014,10,7,DOG,40218.0,1213
2014,10,9,DOG,40219.0,1214
2014,10,4,DOG,40220.0,1215
2014,10,2,DOG,40222.0,1216
2014,10,11,DOG,40223.0,1217
2014,10,6,DOG,40228.0,1218
2014,10,7,DOG,40229.0,1219
2014,10,2,DOG,40241.0,1220
2014,10,3,DOG,40242.0,1221
2014,10,1,DOG,40243.0,1222
2014,10,3,DOG,40245.0,1223
2014,10,1,DOG,40253.0,1224
2014,10,2,DOG,40258.0,1225
2014,10,3,DOG,40291.0,1226
2014,10,9,DOG,40299.0,1227
2014,10,1,DOG,47421.0,1228
2014,11,1,CAT,40205.0,1229
2014,11,1,CAT,40206.0,1230
2014,11,2,CAT,40208.0,1231
2014,11,2,CAT,40213.0,1232
2014,11,6,CAT,40214.0,1233
2014,11,3,CAT,40216.0,1234
2014,11,3,CAT,40217.0,1235
2014,11,1,CAT,40218.0,1236
2014,11,3,CAT,40219.0,1237
2014,11,2,CAT,40220.0,1238
2014,11,3,CAT,40223.0,1239
2014,11,5,CAT,40229.0,1240
2014,11,2,CAT,40258.0,1241
2014,11,1,CAT,40268.0,1242
2014,11,2,CAT,40272.0,1243
2014,11,1,CAT,40299.0,1244
2014,11,1,DOG,40071.0,1245
2014,11,1,DOG,40203.0,1246
2014,11,6,DOG,40204.0,1247
2014,11,1,DOG,40205.0,1248
2014,11,1,DOG,40206.0,1249
2014,11,6,DOG,40207.0,1250
2014,11,3,DOG,40211.0,1251
2014,11,3,DOG,40213.0,1252
2014,11,4,DOG,40214.0,1253
2014,11,6,DOG,40215.0,1254
2014,11,10,DOG,40216.0,1255
2014,11,2,DOG,40217.0,1256
2014,11,4,DOG,40218.0,1257
2014,11,5,DOG,40219.0,1258
2014,11,3,DOG,40220.0,1259
2014,11,1,DOG,40223.0,1260
2014,11,3,DOG,40228.0,1261
2014,11,5,DOG,40229.0,1262
2014,11,2,DOG,40241.0,1263
2014,11,2,DOG,40245.0,1264
2014,11,3,DOG,40258.0,1265
2014,11,14,DOG,40272.0,1266
2014,11,3,DOG,40291.0,1267
2014,11,4,DOG,40299.0,1268
2014,11,1,DOG,40601.0,1269
2014,11,1,DOG,41017.0,1270
2014,12,1,CAT,40160.0,1271
2014,12,1,CAT,40204.0,1272
2014,12,3,CAT,40205.0,1273
2014,12,2,CAT,40206.0,1274
2014,12,2,CAT,40207.0,1275
2014,12,1,CAT,40208.0,1276
2014,12,1,CAT,40212.0,1277
2014,12,1,CAT,40213.0,1278
2014,12,14,CAT,40214.0,1279
2014,12,1,CAT,40215.0,1280
2014,12,2,CAT,40216.0,1281
2014,12,1,CAT,40218.0,1282
2014,12,4,CAT,40219.0,1283
2014,12,2,CAT,40220.0,1284
2014,12,1,CAT,40222.0,1285
2014,12,1,CAT,40223.0,1286
2014,12,4,CAT,40228.0,1287
2014,12,1,CAT,40229.0,1288
2014,12,1,CAT,40241.0,1289
2014,12,1,CAT,40245.0,1290
2014,12,2,CAT,40258.0,1291
2014,12,3,CAT,40272.0,1292
2014,12,1,CAT,40291.0,1293
2014,12,1,DOG,40031.0,1294
2014,12,1,DOG,40059.0,1295
2014,12,3,DOG,40118.0,1296
2014,12,1,DOG,40165.0,1297
2014,12,1,DOG,40203.0,1298
2014,12,2,DOG,40204.0,1299
2014,12,7,DOG,40205.0,1300
2014,12,5,DOG,40206.0,1301
2014,12,2,DOG,40207.0,1302
2014,12,2,DOG,40208.0,1303
2014,12,1,DOG,40212.0,1304
2014,12,8,DOG,40213.0,1305
2014,12,28,DOG,40214.0,1306
2014,12,7,DOG,40215.0,1307
2014,12,10,DOG,40216.0,1308
2014,12,3,DOG,40217.0,1309
2014,12,1,DOG,40218.0,1310
2014,12,9,DOG,40219.0,1311
2014,12,4,DOG,40220.0,1312
2014,12,6,DOG,40222.0,1313
2014,12,2,DOG,40223.0,1314
2014,12,8,DOG,40228.0,1315
2014,12,4,DOG,40229.0,1316
2014,12,4,DOG,40241.0,1317
2014,12,5,DOG,40242.0,1318
2014,12,1,DOG,40243.0,1319
2014,12,11,DOG,40258.0,1320
2014,12,1,DOG,40268.0,1321
2014,12,7,DOG,40272.0,1322
2014,12,5,DOG,40291.0,1323
2014,12,6,DOG,40299.0,1324
2014,12,1,DOG,47122.0,1325
2014,12,2,DOG,47130.0,1326
2014,12,1,DOG,47150.0,1327
2015,1,1,CAT,40059.0,1328
2015,1,1,CAT,40118.0,1329
2015,1,1,CAT,40204.0,1330
2015,1,1,CAT,40205.0,1331
2015,1,2,CAT,40207.0,1332
2015,1,1,CAT,40212.0,1333
2015,1,2,CAT,40213.0,1334
2015,1,1,CAT,40214.0,1335
2015,1,2,CAT,40215.0,1336
2015,1,3,CAT,40216.0,1337
2015,1,4,CAT,40217.0,1338
2015,1,1,CAT,40218.0,1339
2015,1,4,CAT,40219.0,1340
2015,1,3,CAT,40222.0,1341
2015,1,1,CAT,40229.0,1342
2015,1,1,CAT,40241.0,1343
2015,1,2,CAT,40245.0,1344
2015,1,1,CAT,40258.0,1345
2015,1,3,CAT,40272.0,1346
2015,1,1,CAT,40291.0,1347
2015,1,2,CAT,40299.0,1348
2015,1,1,DOG,,1349
2015,1,1,DOG,30092.0,1350
2015,1,3,DOG,40059.0,1351
2015,1,4,DOG,40118.0,1352
2015,1,1,DOG,40175.0,1353
2015,1,2,DOG,40204.0,1354
2015,1,4,DOG,40205.0,1355
2015,1,2,DOG,40206.0,1356
2015,1,13,DOG,40207.0,1357
2015,1,3,DOG,40208.0,1358
2015,1,2,DOG,40211.0,1359
2015,1,1,DOG,40212.0,1360
2015,1,5,DOG,40213.0,1361
2015,1,11,DOG,40214.0,1362
2015,1,2,DOG,40215.0,1363
2015,1,7,DOG,40216.0,1364
2015,1,4,DOG,40217.0,1365
2015,1,4,DOG,40218.0,1366
2015,1,6,DOG,40219.0,1367
2015,1,7,DOG,40220.0,1368
2015,1,3,DOG,40222.0,1369
2015,1,3,DOG,40228.0,1370
2015,1,5,DOG,40229.0,1371
2015,1,4,DOG,40241.0,1372
2015,1,2,DOG,40242.0,1373
2015,1,1,DOG,40243.0,1374
2015,1,3,DOG,40245.0,1375
2015,1,6,DOG,40258.0,1376
2015,1,6,DOG,40272.0,1377
2015,1,6,DOG,40291.0,1378
2015,1,1,DOG,40299.0,1379
2015,1,1,DOG,47130.0,1380
2015,2,1,CAT,40118.0,1381
2015,2,3,CAT,40204.0,1382
2015,2,4,CAT,40205.0,1383
2015,2,3,CAT,40206.0,1384
2015,2,1,CAT,40207.0,1385
2015,2,1,CAT,40208.0,1386
2015,2,1,CAT,40210.0,1387
2015,2,3,CAT,40214.0,1388
2015,2,2,CAT,40216.0,1389
2015,2,2,CAT,40217.0,1390
2015,2,8,CAT,40218.0,1391
2015,2,3,CAT,40219.0,1392
2015,2,3,CAT,40220.0,1393
2015,2,1,CAT,40222.0,1394
2015,2,5,CAT,40228.0,1395
2015,2,4,CAT,40241.0,1396
2015,2,2,CAT,40242.0,1397
2015,2,2,CAT,40245.0,1398
2015,2,4,CAT,40272.0,1399
2015,2,1,CAT,40291.0,1400
2015,2,3,CAT,40299.0,1401
2015,2,1,CAT,47150.0,1402
2015,2,1,DOG,40118.0,1403
2015,2,1,DOG,40203.0,1404
2015,2,3,DOG,40204.0,1405
2015,2,6,DOG,40205.0,1406
2015,2,9,DOG,40207.0,1407
2015,2,2,DOG,40208.0,1408
2015,2,1,DOG,40210.0,1409
2015,2,1,DOG,40211.0,1410
2015,2,1,DOG,40212.0,1411
2015,2,8,DOG,40213.0,1412
2015,2,7,DOG,40214.0,1413
2015,2,2,DOG,40215.0,1414
2015,2,8,DOG,40216.0,1415
2015,2,5,DOG,40217.0,1416
2015,2,17,DOG,40218.0,1417
2015,2,12,DOG,40219.0,1418
2015,2,7,DOG,40220.0,1419
2015,2,5,DOG,40222.0,1420
2015,2,2,DOG,40223.0,1421
2015,2,9,DOG,40228.0,1422
2015,2,10,DOG,40229.0,1423
2015,2,6,DOG,40241.0,1424
2015,2,2,DOG,40242.0,1425
2015,2,2,DOG,40245.0,1426
2015,2,4,DOG,40258.0,1427
2015,2,5,DOG,40272.0,1428
2015,2,8,DOG,40291.0,1429
2015,2,11,DOG,40299.0,1430
2015,3,1,CAT,40059.0,1431
2015,3,2,CAT,40205.0,1432
2015,3,1,CAT,40207.0,1433
2015,3,1,CAT,40208.0,1434
2015,3,1,CAT,40213.0,1435
2015,3,11,CAT,40214.0,1436
2015,3,4,CAT,40215.0,1437
2015,3,1,CAT,40216.0,1438
2015,3,1,CAT,40217.0,1439
2015,3,4,CAT,40218.0,1440
2015,3,2,CAT,40219.0,1441
2015,3,7,CAT,40220.0,1442
2015,3,1,CAT,40222.0,1443
2015,3,1,CAT,40223.0,1444
2015,3,1,CAT,40228.0,1445
2015,3,2,CAT,40229.0,1446
2015,3,1,CAT,40243.0,1447
2015,3,1,CAT,40245.0,1448
2015,3,6,CAT,40258.0,1449
2015,3,9,CAT,40272.0,1450
2015,3,3,CAT,40291.0,1451
2015,3,1,CAT,40299.0,1452
2015,3,1,DOG,,1453
2015,3,1,DOG,40047.0,1454
2015,3,1,DOG,40059.0,1455
2015,3,4,DOG,40118.0,1456
2015,3,1,DOG,40203.0,1457
2015,3,3,DOG,40204.0,1458
2015,3,5,DOG,40205.0,1459
2015,3,1,DOG,40206.0,1460
2015,3,3,DOG,40207.0,1461
2015,3,5,DOG,40208.0,1462
2015,3,1,DOG,40210.0,1463
2015,3,3,DOG,40211.0,1464
2015,3,1,DOG,40212.0,1465
2015,3,18,DOG,40214.0,1466
2015,3,9,DOG,40215.0,1467
2015,3,9,DOG,40216.0,1468
2015,3,6,DOG,40218.0,1469
2015,3,10,DOG,40219.0,1470
2015,3,6,DOG,40220.0,1471
2015,3,4,DOG,40222.0,1472
2015,3,1,DOG,40223.0,1473
2015,3,1,DOG,40228.0,1474
2015,3,3,DOG,40229.0,1475
2015,3,1,DOG,40232.0,1476
2015,3,2,DOG,40241.0,1477
2015,3,2,DOG,40242.0,1478
2015,3,1,DOG,40243.0,1479
2015,3,2,DOG,40245.0,1480
2015,3,4,DOG,40258.0,1481
2015,3,11,DOG,40272.0,1482
2015,3,3,DOG,40291.0,1483
2015,3,10,DOG,40299.0,1484
2015,3,1,DOG,46201.0,1485
2015,4,1,CAT,40118.0,1486
2015,4,1,CAT,40203.0,1487
2015,4,1,CAT,40204.0,1488
2015,4,4,CAT,40205.0,1489
2015,4,1,CAT,40206.0,1490
2015,4,2,CAT,40207.0,1491
2015,4,1,CAT,40212.0,1492
2015,4,3,CAT,40214.0,1493
2015,4,1,CAT,40215.0,1494
2015,4,2,CAT,40216.0,1495
2015,4,3,CAT,40218.0,1496
2015,4,4,CAT,40219.0,1497
2015,4,1,CAT,40242.0,1498
2015,4,3,CAT,40258.0,1499
2015,4,2,CAT,40268.0,1500
2015,4,2,CAT,40272.0,1501
2015,4,1,CAT,40291.0,1502
2015,4,3,CAT,40299.0,1503
2015,4,1,CAT,47129.0,1504
2015,4,1,CAT,47130.0,1505
2015,4,2,DOG,40023.0,1506
2015,4,1,DOG,40107.0,1507
2015,4,1,DOG,40118.0,1508
2015,4,1,DOG,40175.0,1509
2015,4,1,DOG,40202.0,1510
2015,4,2,DOG,40203.0,1511
2015,4,6,DOG,40204.0,1512
2015,4,5,DOG,40205.0,1513
2015,4,9,DOG,40207.0,1514
2015,4,3,DOG,40208.0,1515
2015,4,1,DOG,40210.0,1516
2015,4,1,DOG,40211.0,1517
2015,4,3,DOG,40212.0,1518
2015,4,3,DOG,40213.0,1519
2015,4,10,DOG,40214.0,1520
2015,4,4,DOG,40215.0,1521
2015,4,8,DOG,40216.0,1522
2015,4,3,DOG,40217.0,1523
2015,4,2,DOG,40218.0,1524
2015,4,13,DOG,40219.0,1525
2015,4,6,DOG,40220.0,1526
2015,4,3,DOG,40223.0,1527
2015,4,3,DOG,40228.0,1528
2015,4,5,DOG,40229.0,1529
2015,4,3,DOG,40241.0,1530
2015,4,2,DOG,40242.0,1531
2015,4,3,DOG,40243.0,1532
2015,4,5,DOG,40245.0,1533
2015,4,7,DOG,40258.0,1534
2015,4,14,DOG,40272.0,1535
2015,4,2,DOG,40291.0,1536
2015,4,9,DOG,40299.0,1537
2015,4,1,DOG,47124.0,1538
2015,4,1,DOG,47130.0,1539
2015,5,1,CAT,40165.0,1540
2015,5,2,CAT,40205.0,1541
2015,5,6,CAT,40207.0,1542
2015,5,1,CAT,40208.0,1543
2015,5,6,CAT,40214.0,1544
2015,5,2,CAT,40215.0,1545
2015,5,1,CAT,40216.0,1546
2015,5,1,CAT,40217.0,1547
2015,5,2,CAT,40218.0,1548
2015,5,4,CAT,40219.0,1549
2015,5,3,CAT,40220.0,1550
2015,5,2,CAT,40222.0,1551
2015,5,1,CAT,40223.0,1552
2015,5,2,CAT,40228.0,1553
2015,5,5,CAT,40229.0,1554
2015,5,1,CAT,40241.0,1555
2015,5,1,CAT,40242.0,1556
2015,5,1,CAT,40243.0,1557
2015,5,1,CAT,40245.0,1558
2015,5,5,CAT,40272.0,1559
2015,5,2,CAT,40291.0,1560
2015,5,1,CAT,40299.0,1561
2015,5,1,DOG,40071.0,1562
2015,5,1,DOG,40118.0,1563
2015,5,1,DOG,40203.0,1564
2015,5,3,DOG,40204.0,1565
2015,5,10,DOG,40205.0,1566
2015,5,5,DOG,40206.0,1567
2015,5,9,DOG,40207.0,1568
2015,5,1,DOG,40210.0,1569
2015,5,2,DOG,40211.0,1570
2015,5,2,DOG,40212.0,1571
2015,5,6,DOG,40213.0,1572
2015,5,15,DOG,40214.0,1573
2015,5,2,DOG,40215.0,1574
2015,5,16,DOG,40216.0,1575
2015,5,4,DOG,40217.0,1576
2015,5,6,DOG,40218.0,1577
2015,5,6,DOG,40219.0,1578
2015,5,13,DOG,40220.0,1579
2015,5,5,DOG,40222.0,1580
2015,5,5,DOG,40223.0,1581
2015,5,4,DOG,40228.0,1582
2015,5,12,DOG,40229.0,1583
2015,5,10,DOG,40241.0,1584
2015,5,3,DOG,40242.0,1585
2015,5,3,DOG,40243.0,1586
2015,5,9,DOG,40245.0,1587
2015,5,8,DOG,40258.0,1588
2015,5,1,DOG,40268.0,1589
2015,5,16,DOG,40272.0,1590
2015,5,8,DOG,40291.0,1591
2015,5,12,DOG,40299.0,1592
2015,5,1,DOG,47170.0,1593
2015,5,1,DOG,47203.0,1594
2015,6,1,CAT,40023.0,1595
2015,6,1,CAT,40065.0,1596
2015,6,2,CAT,40203.0,1597
2015,6,8,CAT,40205.0,1598
2015,6,1,CAT,40206.0,1599
2015,6,5,CAT,40207.0,1600
2015,6,2,CAT,40208.0,1601
2015,6,2,CAT,40212.0,1602
2015,6,3,CAT,40213.0,1603
2015,6,3,CAT,40214.0,1604
2015,6,1,CAT,40216.0,1605
2015,6,4,CAT,40217.0,1606
2015,6,1,CAT,40218.0,1607
2015,6,2,CAT,40219.0,1608
2015,6,1,CAT,40220.0,1609
2015,6,1,CAT,40222.0,1610
2015,6,4,CAT,40223.0,1611
2015,6,4,CAT,40228.0,1612
2015,6,1,CAT,40229.0,1613
2015,6,1,CAT,40245.0,1614
2015,6,2,CAT,40258.0,1615
2015,6,5,CAT,40272.0,1616
2015,6,3,CAT,40291.0,1617
2015,6,1,CAT,40299.0,1618
2015,6,1,CAT,42701.0,1619
2015,6,1,CAT,47126.0,1620
2015,6,1,DOG,37022.0,1621
2015,6,2,DOG,40023.0,1622
2015,6,2,DOG,40027.0,1623
2015,6,1,DOG,40047.0,1624
2015,6,3,DOG,40118.0,1625
2015,6,3,DOG,40203.0,1626
2015,6,4,DOG,40204.0,1627
2015,6,4,DOG,40205.0,1628
2015,6,3,DOG,40206.0,1629
2015,6,7,DOG,40207.0,1630
2015,6,2,DOG,40208.0,1631
2015,6,2,DOG,40210.0,1632
2015,6,3,DOG,40211.0,1633
2015,6,5,DOG,40212.0,1634
2015,6,6,DOG,40213.0,1635
2015,6,15,DOG,40214.0,1636
2015,6,9,DOG,40215.0,1637
2015,6,16,DOG,40216.0,1638
2015,6,3,DOG,40217.0,1639
2015,6,3,DOG,40218.0,1640
2015,6,9,DOG,40219.0,1641
2015,6,17,DOG,40220.0,1642
2015,6,8,DOG,40222.0,1643
2015,6,7,DOG,40223.0,1644
2015,6,3,DOG,40228.0,1645
2015,6,6,DOG,40229.0,1646
2015,6,2,DOG,40241.0,1647
2015,6,4,DOG,40242.0,1648
2015,6,3,DOG,40243.0,1649
2015,6,1,DOG,40245.0,1650
2015,6,15,DOG,40258.0,1651
2015,6,13,DOG,40272.0,1652
2015,6,8,DOG,40291.0,1653
2015,6,3,DOG,40299.0,1654
2015,6,1,DOG,68802.0,1655
2015,7,1,CAT,40023.0,1656
2015,7,1,CAT,40047.0,1657
2015,7,1,CAT,40202.0,1658
2015,7,2,CAT,40204.0,1659
2015,7,6,CAT,40205.0,1660
2015,7,3,CAT,40206.0,1661
2015,7,1,CAT,40213.0,1662
2015,7,9,CAT,40214.0,1663
2015,7,3,CAT,40216.0,1664
2015,7,1,CAT,40217.0,1665
2015,7,5,CAT,40218.0,1666
2015,7,3,CAT,40219.0,1667
2015,7,5,CAT,40220.0,1668
2015,7,1,CAT,40222.0,1669
2015,7,3,CAT,40228.0,1670
2015,7,5,CAT,40229.0,1671
2015,7,3,CAT,40241.0,1672
2015,7,2,CAT,40243.0,1673
2015,7,1,CAT,40258.0,1674
2015,7,2,CAT,40272.0,1675
2015,7,3,CAT,40299.0,1676
2015,7,1,DOG,40004.0,1677
2015,7,1,DOG,40065.0,1678
2015,7,1,DOG,40118.0,1679
2015,7,3,DOG,40165.0,1680
2015,7,2,DOG,40203.0,1681
2015,7,3,DOG,40204.0,1682
2015,7,7,DOG,40205.0,1683
2015,7,4,DOG,40206.0,1684
2015,7,5,DOG,40207.0,1685
2015,7,2,DOG,40208.0,1686
2015,7,3,DOG,40211.0,1687
2015,7,2,DOG,40212.0,1688
2015,7,4,DOG,40213.0,1689
2015,7,13,DOG,40214.0,1690
2015,7,2,DOG,40215.0,1691
2015,7,6,DOG,40216.0,1692
2015,7,12,DOG,40217.0,1693
2015,7,3,DOG,40218.0,1694
2015,7,8,DOG,40219.0,1695
2015,7,10,DOG,40220.0,1696
2015,7,7,DOG,40222.0,1697
2015,7,9,DOG,40223.0,1698
2015,7,4,DOG,40228.0,1699
2015,7,7,DOG,40229.0,1700
2015,7,5,DOG,40241.0,1701
2015,7,1,DOG,40242.0,1702
2015,7,5,DOG,40243.0,1703
2015,7,6,DOG,40258.0,1704
2015,7,2,DOG,40268.0,1705
2015,7,8,DOG,40272.0,1706
2015,7,6,DOG,40291.0,1707
2015,7,9,DOG,40299.0,1708
2015,8,1,CAT,40041.0,1709
2015,8,1,CAT,40056.0,1710
2015,8,2,CAT,40177.0,1711
2015,8,4,CAT,40204.0,1712
2015,8,3,CAT,40205.0,1713
2015,8,1,CAT,40207.0,1714
2015,8,1,CAT,40208.0,1715
2015,8,1,CAT,40212.0,1716
2015,8,2,CAT,40213.0,1717
2015,8,3,CAT,40214.0,1718
2015,8,1,CAT,40215.0,1719
2015,8,6,CAT,40216.0,1720
2015,8,4,CAT,40218.0,1721
2015,8,3,CAT,40219.0,1722
2015,8,4,CAT,40220.0,1723
2015,8,3,CAT,40222.0,1724
2015,8,5,CAT,40229.0,1725
2015,8,2,CAT,40242.0,1726
2015,8,3,CAT,40243.0,1727
2015,8,5,CAT,40245.0,1728
2015,8,1,CAT,40250.0,1729
2015,8,4,CAT,40258.0,1730
2015,8,6,CAT,40272.0,1731
2015,8,1,CAT,40299.0,1732
2015,8,1,DOG,40041.0,1733
2015,8,1,DOG,40059.0,1734
2015,8,1,DOG,40175.0,1735
2015,8,2,DOG,40204.0,1736
2015,8,9,DOG,40205.0,1737
2015,8,3,DOG,40206.0,1738
2015,8,4,DOG,40207.0,1739
2015,8,5,DOG,40208.0,1740
2015,8,2,DOG,40211.0,1741
2015,8,7,DOG,40212.0,1742
2015,8,3,DOG,40213.0,1743
2015,8,6,DOG,40214.0,1744
2015,8,3,DOG,40215.0,1745
2015,8,10,DOG,40216.0,1746
2015,8,4,DOG,40217.0,1747
2015,8,8,DOG,40218.0,1748
2015,8,7,DOG,40219.0,1749
2015,8,12,DOG,40220.0,1750
2015,8,4,DOG,40222.0,1751
2015,8,2,DOG,40223.0,1752
2015,8,4,DOG,40228.0,1753
2015,8,2,DOG,40229.0,1754
2015,8,9,DOG,40241.0,1755
2015,8,2,DOG,40242.0,1756
2015,8,1,DOG,40243.0,1757
2015,8,2,DOG,40245.0,1758
2015,8,3,DOG,40258.0,1759
2015,8,8,DOG,40272.0,1760
2015,8,7,DOG,40291.0,1761
2015,8,11,DOG,40299.0,1762
2015,8,1,DOG,41722.0,1763
2015,8,1,DOG,47167.0,1764
2015,9,2,CAT,13209.0,1765
2015,9,2,CAT,40023.0,1766
2015,9,1,CAT,40118.0,1767
2015,9,3,CAT,40204.0,1768
2015,9,3,CAT,40205.0,1769
2015,9,3,CAT,40206.0,1770
2015,9,1,CAT,40207.0,1771
2015,9,1,CAT,40212.0,1772
2015,9,2,CAT,40213.0,1773
2015,9,5,CAT,40214.0,1774
2015,9,2,CAT,40215.0,1775
2015,9,2,CAT,40216.0,1776
2015,9,3,CAT,40217.0,1777
2015,9,1,CAT,40218.0,1778
2015,9,4,CAT,40219.0,1779
2015,9,1,CAT,40220.0,1780
2015,9,4,CAT,40222.0,1781
2015,9,4,CAT,40223.0,1782
2015,9,2,CAT,40228.0,1783
2015,9,6,CAT,40229.0,1784
2015,9,3,CAT,40241.0,1785
2015,9,3,CAT,40272.0,1786
2015,9,4,CAT,40291.0,1787
2015,9,1,CAT,40299.0,1788
2015,9,2,DOG,40023.0,1789
2015,9,5,DOG,40025.0,1790
2015,9,2,DOG,40059.0,1791
2015,9,2,DOG,40118.0,1792
2015,9,1,DOG,40142.0,1793
2015,9,1,DOG,40202.0,1794
2015,9,1,DOG,40203.0,1795
2015,9,3,DOG,40204.0,1796
2015,9,8,DOG,40205.0,1797
2015,9,4,DOG,40206.0,1798
2015,9,6,DOG,40207.0,1799
2015,9,2,DOG,40211.0,1800
2015,9,2,DOG,40212.0,1801
2015,9,4,DOG,40213.0,1802
2015,9,16,DOG,40214.0,1803
2015,9,8,DOG,40215.0,1804
2015,9,15,DOG,40216.0,1805
2015,9,9,DOG,40217.0,1806
2015,9,9,DOG,40218.0,1807
2015,9,12,DOG,40219.0,1808
2015,9,5,DOG,40220.0,1809
2015,9,5,DOG,40223.0,1810
2015,9,5,DOG,40228.0,1811
2015,9,6,DOG,40229.0,1812
2015,9,8,DOG,40241.0,1813
2015,9,2,DOG,40242.0,1814
2015,9,3,DOG,40243.0,1815
2015,9,6,DOG,40245.0,1816
2015,9,6,DOG,40258.0,1817
2015,9,1,DOG,40268.0,1818
2015,9,8,DOG,40272.0,1819
2015,9,10,DOG,40291.0,1820
2015,9,5,DOG,40299.0,1821
2015,10,4,CAT,40204.0,1822
2015,10,2,CAT,40205.0,1823
2015,10,1,CAT,40206.0,1824
2015,10,1,CAT,40207.0,1825
2015,10,1,CAT,40212.0,1826
2015,10,3,CAT,40213.0,1827
2015,10,2,CAT,40214.0,1828
2015,10,3,CAT,40216.0,1829
2015,10,3,CAT,40217.0,1830
2015,10,2,CAT,40218.0,1831
2015,10,1,CAT,40219.0,1832
2015,10,7,CAT,40220.0,1833
2015,10,3,CAT,40222.0,1834
2015,10,1,CAT,40223.0,1835
2015,10,1,CAT,40229.0,1836
2015,10,1,CAT,40241.0,1837
2015,10,1,CAT,40243.0,1838
2015,10,1,CAT,40258.0,1839
2015,10,4,CAT,40272.0,1840
2015,10,6,CAT,40291.0,1841
2015,10,3,CAT,47520.0,1842
2015,10,1,DOG,40059.0,1843
2015,10,1,DOG,40065.0,1844
2015,10,1,DOG,40118.0,1845
2015,10,1,DOG,40165.0,1846
2015,10,2,DOG,40203.0,1847
2015,10,2,DOG,40204.0,1848
2015,10,9,DOG,40205.0,1849
2015,10,2,DOG,40206.0,1850
2015,10,3,DOG,40207.0,1851
2015,10,3,DOG,40208.0,1852
2015,10,1,DOG,40210.0,1853
2015,10,3,DOG,40212.0,1854
2015,10,7,DOG,40213.0,1855
2015,10,8,DOG,40214.0,1856
2015,10,4,DOG,40215.0,1857
2015,10,8,DOG,40216.0,1858
2015,10,2,DOG,40217.0,1859
2015,10,1,DOG,40218.0,1860
2015,10,4,DOG,40219.0,1861
2015,10,7,DOG,40220.0,1862
2015,10,7,DOG,40222.0,1863
2015,10,2,DOG,40223.0,1864
2015,10,4,DOG,40228.0,1865
2015,10,6,DOG,40229.0,1866
2015,10,4,DOG,40241.0,1867
2015,10,1,DOG,40242.0,1868
2015,10,1,DOG,40243.0,1869
2015,10,1,DOG,40245.0,1870
2015,10,1,DOG,40253.0,1871
2015,10,11,DOG,40258.0,1872
2015,10,3,DOG,40272.0,1873
2015,10,6,DOG,40291.0,1874
2015,10,8,DOG,40299.0,1875
2015,10,1,DOG,40508.0,1876
2015,10,1,DOG,40701.0,1877
2015,11,1,CAT,40201.0,1878
2015,11,2,CAT,40204.0,1879
2015,11,1,CAT,40205.0,1880
2015,11,1,CAT,40207.0,1881
2015,11,1,CAT,40214.0,1882
2015,11,2,CAT,40215.0,1883
2015,11,3,CAT,40216.0,1884
2015,11,4,CAT,40217.0,1885
2015,11,1,CAT,40218.0,1886
2015,11,2,CAT,40219.0,1887
2015,11,5,CAT,40220.0,1888
2015,11,3,CAT,40223.0,1889
2015,11,2,CAT,40228.0,1890
2015,11,4,CAT,40229.0,1891
2015,11,1,CAT,40258.0,1892
2015,11,3,CAT,40272.0,1893
2015,11,1,DOG,,1894
2015,11,1,DOG,37086.0,1895
2015,11,1,DOG,40108.0,1896
2015,11,2,DOG,40201.0,1897
2015,11,3,DOG,40203.0,1898
2015,11,5,DOG,40204.0,1899
2015,11,6,DOG,40205.0,1900
2015,11,2,DOG,40206.0,1901
2015,11,2,DOG,40207.0,1902
2015,11,1,DOG,40208.0,1903
2015,11,1,DOG,40211.0,1904
2015,11,1,DOG,40212.0,1905
2015,11,4,DOG,40213.0,1906
2015,11,1,DOG,40214.0,1907
2015,11,1,DOG,40215.0,1908
2015,11,13,DOG,40216.0,1909
2015,11,8,DOG,40217.0,1910
2015,11,6,DOG,40218.0,1911
2015,11,6,DOG,40219.0,1912
2015,11,6,DOG,40220.0,1913
2015,11,2,DOG,40222.0,1914
2015,11,1,DOG,40223.0,1915
2015,11,5,DOG,40228.0,1916
2015,11,2,DOG,40229.0,1917
2015,11,1,DOG,40242.0,1918
2015,11,2,DOG,40245.0,1919
2015,11,5,DOG,40258.0,1920
2015,11,6,DOG,40272.0,1921
2015,11,2,DOG,40291.0,1922
2015,11,5,DOG,40299.0,1923
2015,11,1,DOG,40601.0,1924
2015,11,1,DOG,47130.0,1925
2015,11,1,DOG,47304.0,1926
2015,12,2,CAT,40205.0,1927
2015,12,1,CAT,40206.0,1928
2015,12,1,CAT,40208.0,1929
2015,12,1,CAT,40213.0,1930
2015,12,14,CAT,40214.0,1931
2015,12,1,CAT,40216.0,1932
2015,12,1,CAT,40217.0,1933
2015,12,1,CAT,40218.0,1934
2015,12,1,CAT,40219.0,1935
2015,12,1,CAT,40220.0,1936
2015,12,2,CAT,40222.0,1937
2015,12,2,CAT,40241.0,1938
2015,12,3,CAT,40258.0,1939
2015,12,1,CAT,40268.0,1940
2015,12,8,CAT,40272.0,1941
2015,12,1,CAT,40291.0,1942
2015,12,1,CAT,40299.0,1943
2015,12,1,DOG,40023.0,1944
2015,12,1,DOG,40047.0,1945
2015,12,4,DOG,40118.0,1946
2015,12,1,DOG,40165.0,1947
2015,12,3,DOG,40203.0,1948
2015,12,2,DOG,40204.0,1949
2015,12,7,DOG,40205.0,1950
2015,12,2,DOG,40206.0,1951
2015,12,3,DOG,40207.0,1952
2015,12,1,DOG,40208.0,1953
2015,12,3,DOG,40211.0,1954
2015,12,3,DOG,40213.0,1955
2015,12,9,DOG,40214.0,1956
2015,12,11,DOG,40215.0,1957
2015,12,10,DOG,40216.0,1958
2015,12,3,DOG,40217.0,1959
2015,12,4,DOG,40218.0,1960
2015,12,6,DOG,40219.0,1961
2015,12,6,DOG,40220.0,1962
2015,12,1,DOG,40222.0,1963
2015,12,3,DOG,40223.0,1964
2015,12,1,DOG,40229.0,1965
2015,12,2,DOG,40241.0,1966
2015,12,1,DOG,40242.0,1967
2015,12,3,DOG,40245.0,1968
2015,12,4,DOG,40258.0,1969
2015,12,1,DOG,40268.0,1970
2015,12,9,DOG,40272.0,1971
2015,12,2,DOG,40291.0,1972
2015,12,3,DOG,40299.0,1973
2015,12,1,DOG,47130.0,1974
2016,1,4,CAT,40204.0,1975
2016,1,2,CAT,40205.0,1976
2016,1,2,CAT,40206.0,1977
2016,1,3,CAT,40207.0,1978
2016,1,1,CAT,40210.0,1979
2016,1,1,CAT,40212.0,1980
2016,1,9,CAT,40214.0,1981
2016,1,2,CAT,40215.0,1982
2016,1,1,CAT,40216.0,1983
2016,1,1,CAT,40218.0,1984
2016,1,2,CAT,40219.0,1985
2016,1,6,CAT,40220.0,1986
2016,1,4,CAT,40222.0,1987
2016,1,5,CAT,40223.0,1988
2016,1,3,CAT,40228.0,1989
2016,1,1,CAT,40241.0,1990
2016,1,1,CAT,40245.0,1991
2016,1,1,CAT,40258.0,1992
2016,1,5,CAT,40272.0,1993
2016,1,3,CAT,40299.0,1994
2016,1,4,DOG,40059.0,1995
2016,1,4,DOG,40118.0,1996
2016,1,1,DOG,40165.0,1997
2016,1,7,DOG,40204.0,1998
2016,1,6,DOG,40205.0,1999
2016,1,17,DOG,40207.0,2000
2016,1,2,DOG,40208.0,2001
2016,1,1,DOG,40211.0,2002
2016,1,6,DOG,40212.0,2003
2016,1,6,DOG,40213.0,2004
2016,1,17,DOG,40214.0,2005
2016,1,5,DOG,40215.0,2006
2016,1,6,DOG,40216.0,2007
2016,1,4,DOG,40217.0,2008
2016,1,9,DOG,40218.0,2009
2016,1,10,DOG,40219.0,2010
2016,1,9,DOG,40220.0,2011
2016,1,6,DOG,40222.0,2012
2016,1,4,DOG,40223.0,2013
2016,1,3,DOG,40228.0,2014
2016,1,7,DOG,40229.0,2015
2016,1,3,DOG,40241.0,2016
2016,1,1,DOG,40242.0,2017
2016,1,1,DOG,40243.0,2018
2016,1,2,DOG,40245.0,2019
2016,1,9,DOG,40258.0,2020
2016,1,6,DOG,40272.0,2021
2016,1,9,DOG,40291.0,2022
2016,1,11,DOG,40299.0,2023
2016,1,1,DOG,47130.0,2024
2016,2,1,CAT,,2025
2016,2,1,CAT,40121.0,2026
2016,2,1,CAT,40204.0,2027
2016,2,5,CAT,40205.0,2028
2016,2,1,CAT,40206.0,2029
2016,2,2,CAT,40207.0,2030
2016,2,2,CAT,40212.0,2031
2016,2,2,CAT,40213.0,2032
2016,2,1,CAT,40214.0,2033
2016,2,3,CAT,40215.0,2034
2016,2,1,CAT,40216.0,2035
2016,2,1,CAT,40217.0,2036
2016,2,3,CAT,40218.0,2037
2016,2,6,CAT,40219.0,2038
2016,2,2,CAT,40220.0,2039
2016,2,2,CAT,40228.0,2040
2016,2,1,CAT,40229.0,2041
2016,2,2,CAT,40241.0,2042
2016,2,1,CAT,40243.0,2043
2016,2,5,CAT,40245.0,2044
2016,2,1,CAT,40258.0,2045
2016,2,6,CAT,40272.0,2046
2016,2,4,CAT,40299.0,2047
2016,2,1,CAT,47161.0,2048
2016,2,1,DOG,40047.0,2049
2016,2,1,DOG,40059.0,2050
2016,2,1,DOG,40203.0,2051
2016,2,5,DOG,40204.0,2052
2016,2,6,DOG,40205.0,2053
2016,2,13,DOG,40207.0,2054
2016,2,3,DOG,40208.0,2055
2016,2,7,DOG,40213.0,2056
2016,2,22,DOG,40214.0,2057
2016,2,2,DOG,40215.0,2058
2016,2,7,DOG,40216.0,2059
2016,2,7,DOG,40217.0,2060
2016,2,8,DOG,40218.0,2061
2016,2,14,DOG,40219.0,2062
2016,2,4,DOG,40220.0,2063
2016,2,3,DOG,40222.0,2064
2016,2,1,DOG,40223.0,2065
2016,2,1,DOG,40228.0,2066
2016,2,3,DOG,40229.0,2067
2016,2,4,DOG,40241.0,2068
2016,2,2,DOG,40242.0,2069
2016,2,1,DOG,40243.0,2070
2016,2,3,DOG,40245.0,2071
2016,2,7,DOG,40258.0,2072
2016,2,6,DOG,40272.0,2073
2016,2,5,DOG,40291.0,2074
2016,2,6,DOG,40299.0,2075
2016,2,1,DOG,42718.0,2076
2016,2,1,DOG,47130.0,2077
2016,2,1,DOG,47150.0,2078
2016,3,1,CAT,40109.0,2079
2016,3,1,CAT,40160.0,2080
2016,3,2,CAT,40165.0,2081
2016,3,1,CAT,40203.0,2082
2016,3,1,CAT,40204.0,2083
2016,3,1,CAT,40205.0,2084
2016,3,3,CAT,40206.0,2085
2016,3,1,CAT,40213.0,2086
2016,3,9,CAT,40214.0,2087
2016,3,2,CAT,40215.0,2088
2016,3,1,CAT,40216.0,2089
2016,3,2,CAT,40218.0,2090
2016,3,5,CAT,40219.0,2091
2016,3,4,CAT,40220.0,2092
2016,3,1,CAT,40222.0,2093
2016,3,2,CAT,40223.0,2094
2016,3,1,CAT,40228.0,2095
2016,3,3,CAT,40229.0,2096
2016,3,1,CAT,40242.0,2097
2016,3,6,CAT,40272.0,2098
2016,3,1,CAT,40291.0,2099
2016,3,2,CAT,40299.0,2100
2016,3,1,DOG,,2101
2016,3,1,DOG,40047.0,2102
2016,3,2,DOG,40059.0,2103
2016,3,1,DOG,40067.0,2104
2016,3,1,DOG,40118.0,2105
2016,3,1,DOG,40121.0,2106
2016,3,1,DOG,40203.0,2107
2016,3,2,DOG,40204.0,2108
2016,3,8,DOG,40205.0,2109
2016,3,7,DOG,40207.0,2110
2016,3,5,DOG,40208.0,2111
2016,3,2,DOG,40211.0,2112
2016,3,3,DOG,40212.0,2113
2016,3,5,DOG,40213.0,2114
2016,3,14,DOG,40214.0,2115
2016,3,5,DOG,40215.0,2116
2016,3,12,DOG,40216.0,2117
2016,3,4,DOG,40217.0,2118
2016,3,2,DOG,40218.0,2119
2016,3,15,DOG,40219.0,2120
2016,3,2,DOG,40220.0,2121
2016,3,4,DOG,40222.0,2122
2016,3,1,DOG,40223.0,2123
2016,3,3,DOG,40228.0,2124
2016,3,5,DOG,40229.0,2125
2016,3,5,DOG,40241.0,2126
2016,3,2,DOG,40242.0,2127
2016,3,1,DOG,40245.0,2128
2016,3,4,DOG,40258.0,2129
2016,3,13,DOG,40272.0,2130
2016,3,3,DOG,40291.0,2131
2016,3,6,DOG,40299.0,2132
2016,3,1,DOG,47130.0,2133
2016,4,2,CAT,,2134
2016,4,1,CAT,40014.0,2135
2016,4,1,CAT,40165.0,2136
2016,4,1,CAT,40203.0,2137
2016,4,2,CAT,40204.0,2138
2016,4,7,CAT,40205.0,2139
2016,4,2,CAT,40206.0,2140
2016,4,1,CAT,40212.0,2141
2016,4,6,CAT,40214.0,2142
2016,4,4,CAT,40216.0,2143
2016,4,2,CAT,40217.0,2144
2016,4,1,CAT,40218.0,2145
2016,4,2,CAT,40219.0,2146
2016,4,3,CAT,40220.0,2147
2016,4,1,CAT,40228.0,2148
2016,4,1,CAT,40241.0,2149
2016,4,2,CAT,40242.0,2150
2016,4,1,CAT,40243.0,2151
2016,4,7,CAT,40258.0,2152
2016,4,2,CAT,40268.0,2153
2016,4,6,CAT,40272.0,2154
2016,4,2,CAT,40291.0,2155
2016,4,2,CAT,40299.0,2156
2016,4,1,CAT,42701.0,2157
2016,4,1,CAT,47150.0,2158
2016,4,2,DOG,40023.0,2159
2016,4,1,DOG,40031.0,2160
2016,4,1,DOG,40047.0,2161
2016,4,1,DOG,40107.0,2162
2016,4,1,DOG,40118.0,2163
2016,4,1,DOG,40175.0,2164
2016,4,2,DOG,40204.0,2165
2016,4,5,DOG,40205.0,2166
2016,4,3,DOG,40206.0,2167
2016,4,5,DOG,40207.0,2168
2016,4,1,DOG,40208.0,2169
2016,4,2,DOG,40211.0,2170
2016,4,2,DOG,40212.0,2171
2016,4,4,DOG,40213.0,2172
2016,4,19,DOG,40214.0,2173
2016,4,10,DOG,40215.0,2174
2016,4,5,DOG,40216.0,2175
2016,4,2,DOG,40217.0,2176
2016,4,3,DOG,40218.0,2177
2016,4,13,DOG,40219.0,2178
2016,4,10,DOG,40220.0,2179
2016,4,2,DOG,40222.0,2180
2016,4,3,DOG,40223.0,2181
2016,4,3,DOG,40228.0,2182
2016,4,3,DOG,40229.0,2183
2016,4,4,DOG,40241.0,2184
2016,4,3,DOG,40243.0,2185
2016,4,5,DOG,40245.0,2186
2016,4,7,DOG,40258.0,2187
2016,4,8,DOG,40272.0,2188
2016,4,5,DOG,40291.0,2189
2016,4,4,DOG,40299.0,2190
2016,4,1,DOG,47129.0,2191
2016,4,1,DOG,47130.0,2192
2016,4,1,DOG,47446.0,2193
2016,5,1,CAT,40047.0,2194
2016,5,1,CAT,40059.0,2195
2016,5,1,CAT,40118.0,2196
2016,5,2,CAT,40204.0,2197
2016,5,3,CAT,40205.0,2198
2016,5,3,CAT,40207.0,2199
2016,5,1,CAT,40208.0,2200
2016,5,2,CAT,40210.0,2201
2016,5,3,CAT,40214.0,2202
2016,5,3,CAT,40215.0,2203
2016,5,3,CAT,40216.0,2204
2016,5,2,CAT,40217.0,2205
2016,5,5,CAT,40219.0,2206
2016,5,4,CAT,40220.0,2207
2016,5,1,CAT,40222.0,2208
2016,5,3,CAT,40228.0,2209
2016,5,2,CAT,40229.0,2210
2016,5,2,CAT,40258.0,2211
2016,5,5,CAT,40272.0,2212
2016,5,3,CAT,40291.0,2213
2016,5,5,CAT,40299.0,2214
2016,5,3,CAT,47119.0,2215
2016,5,1,DOG,40059.0,2216
2016,5,1,DOG,40071.0,2217
2016,5,3,DOG,40118.0,2218
2016,5,1,DOG,40165.0,2219
2016,5,1,DOG,40202.0,2220
2016,5,3,DOG,40203.0,2221
2016,5,2,DOG,40204.0,2222
2016,5,5,DOG,40205.0,2223
2016,5,5,DOG,40206.0,2224
2016,5,9,DOG,40207.0,2225
2016,5,2,DOG,40210.0,2226
2016,5,3,DOG,40211.0,2227
2016,5,4,DOG,40212.0,2228
2016,5,3,DOG,40213.0,2229
2016,5,11,DOG,40214.0,2230
2016,5,6,DOG,40215.0,2231
2016,5,12,DOG,40216.0,2232
2016,5,6,DOG,40217.0,2233
2016,5,5,DOG,40218.0,2234
2016,5,4,DOG,40219.0,2235
2016,5,9,DOG,40220.0,2236
2016,5,2,DOG,40222.0,2237
2016,5,8,DOG,40223.0,2238
2016,5,5,DOG,40228.0,2239
2016,5,5,DOG,40229.0,2240
2016,5,5,DOG,40241.0,2241
2016,5,4,DOG,40242.0,2242
2016,5,1,DOG,40243.0,2243
2016,5,4,DOG,40245.0,2244
2016,5,8,DOG,40258.0,2245
2016,5,1,DOG,40268.0,2246
2016,5,12,DOG,40272.0,2247
2016,5,7,DOG,40291.0,2248
2016,5,14,DOG,40299.0,2249
2016,5,1,DOG,46208.0,2250
2016,5,1,DOG,47122.0,2251
2016,5,1,DOG,47150.0,2252
2016,6,1,CAT,40165.0,2253
2016,6,1,CAT,40206.0,2254
2016,6,3,CAT,40207.0,2255
2016,6,1,CAT,40208.0,2256
2016,6,3,CAT,40212.0,2257
2016,6,3,CAT,40213.0,2258
2016,6,3,CAT,40214.0,2259
2016,6,1,CAT,40216.0,2260
2016,6,2,CAT,40217.0,2261
2016,6,1,CAT,40218.0,2262
2016,6,2,CAT,40219.0,2263
2016,6,1,CAT,40220.0,2264
2016,6,1,CAT,40223.0,2265
2016,6,2,CAT,40228.0,2266
2016,6,2,CAT,40229.0,2267
2016,6,5,CAT,40241.0,2268
2016,6,2,CAT,40243.0,2269
2016,6,2,CAT,40245.0,2270
2016,6,2,CAT,40258.0,2271
2016,6,6,CAT,40272.0,2272
2016,6,6,CAT,40291.0,2273
2016,6,1,DOG,40031.0,2274
2016,6,1,DOG,40047.0,2275
2016,6,2,DOG,40118.0,2276
2016,6,4,DOG,40203.0,2277
2016,6,1,DOG,40204.0,2278
2016,6,10,DOG,40205.0,2279
2016,6,4,DOG,40206.0,2280
2016,6,9,DOG,40207.0,2281
2016,6,1,DOG,40208.0,2282
2016,6,1,DOG,40210.0,2283
2016,6,1,DOG,40211.0,2284
2016,6,1,DOG,40212.0,2285
2016,6,10,DOG,40214.0,2286
2016,6,8,DOG,40215.0,2287
2016,6,10,DOG,40216.0,2288
2016,6,3,DOG,40217.0,2289
2016,6,5,DOG,40218.0,2290
2016,6,9,DOG,40219.0,2291
2016,6,5,DOG,40220.0,2292
2016,6,2,DOG,40222.0,2293
2016,6,5,DOG,40223.0,2294
2016,6,3,DOG,40228.0,2295
2016,6,4,DOG,40229.0,2296
2016,6,5,DOG,40241.0,2297
2016,6,5,DOG,40242.0,2298
2016,6,5,DOG,40243.0,2299
2016,6,1,DOG,40245.0,2300
2016,6,10,DOG,40258.0,2301
2016,6,10,DOG,40272.0,2302
2016,6,11,DOG,40291.0,2303
2016,6,6,DOG,40299.0,2304
2016,6,1,DOG,47130.0,2305
2016,7,2,CAT,40047.0,2306
2016,7,1,CAT,40205.0,2307
2016,7,2,CAT,40206.0,2308
2016,7,5,CAT,40207.0,2309
2016,7,1,CAT,40208.0,2310
2016,7,1,CAT,40213.0,2311
2016,7,10,CAT,40214.0,2312
2016,7,1,CAT,40215.0,2313
2016,7,5,CAT,40216.0,2314
2016,7,1,CAT,40217.0,2315
2016,7,1,CAT,40219.0,2316
2016,7,3,CAT,40220.0,2317
2016,7,4,CAT,40222.0,2318
2016,7,5,CAT,40228.0,2319
2016,7,4,CAT,40229.0,2320
2016,7,2,CAT,40241.0,2321
2016,7,1,CAT,40243.0,2322
2016,7,2,CAT,40258.0,2323
2016,7,4,CAT,40272.0,2324
2016,7,4,CAT,40291.0,2325
2016,7,1,CAT,40299.0,2326
2016,7,1,DOG,40025.0,2327
2016,7,1,DOG,40059.0,2328
2016,7,3,DOG,40203.0,2329
2016,7,4,DOG,40204.0,2330
2016,7,6,DOG,40205.0,2331
2016,7,1,DOG,40206.0,2332
2016,7,1,DOG,40207.0,2333
2016,7,2,DOG,40208.0,2334
2016,7,1,DOG,40211.0,2335
2016,7,6,DOG,40212.0,2336
2016,7,2,DOG,40213.0,2337
2016,7,22,DOG,40214.0,2338
2016,7,6,DOG,40215.0,2339
2016,7,19,DOG,40216.0,2340
2016,7,6,DOG,40217.0,2341
2016,7,3,DOG,40218.0,2342
2016,7,14,DOG,40219.0,2343
2016,7,5,DOG,40220.0,2344
2016,7,4,DOG,40222.0,2345
2016,7,6,DOG,40223.0,2346
2016,7,3,DOG,40228.0,2347
2016,7,4,DOG,40229.0,2348
2016,7,4,DOG,40241.0,2349
2016,7,5,DOG,40242.0,2350
2016,7,2,DOG,40243.0,2351
2016,7,8,DOG,40258.0,2352
2016,7,1,DOG,40268.0,2353
2016,7,8,DOG,40272.0,2354
2016,7,3,DOG,40291.0,2355
2016,7,7,DOG,40299.0,2356
2016,8,2,CAT,40023.0,2357
2016,8,1,CAT,40059.0,2358
2016,8,1,CAT,40204.0,2359
2016,8,1,CAT,40205.0,2360
2016,8,3,CAT,40207.0,2361
2016,8,2,CAT,40208.0,2362
2016,8,7,CAT,40214.0,2363
2016,8,3,CAT,40215.0,2364
2016,8,2,CAT,40216.0,2365
2016,8,4,CAT,40218.0,2366
2016,8,4,CAT,40219.0,2367
2016,8,5,CAT,40220.0,2368
2016,8,4,CAT,40222.0,2369
2016,8,3,CAT,40223.0,2370
2016,8,2,CAT,40228.0,2371
2016,8,1,CAT,40229.0,2372
2016,8,1,CAT,40241.0,2373
2016,8,1,CAT,40242.0,2374
2016,8,2,CAT,40243.0,2375
2016,8,1,CAT,40245.0,2376
2016,8,2,CAT,40258.0,2377
2016,8,6,CAT,40272.0,2378
2016,8,1,CAT,40291.0,2379
2016,8,1,CAT,40299.0,2380
2016,8,2,DOG,40023.0,2381
2016,8,1,DOG,40059.0,2382
2016,8,1,DOG,40076.0,2383
2016,8,4,DOG,40118.0,2384
2016,8,1,DOG,40203.0,2385
2016,8,4,DOG,40204.0,2386
2016,8,7,DOG,40205.0,2387
2016,8,6,DOG,40207.0,2388
2016,8,4,DOG,40208.0,2389
2016,8,1,DOG,40211.0,2390
2016,8,2,DOG,40212.0,2391
2016,8,1,DOG,40213.0,2392
2016,8,16,DOG,40214.0,2393
2016,8,6,DOG,40215.0,2394
2016,8,9,DOG,40216.0,2395
2016,8,3,DOG,40217.0,2396
2016,8,7,DOG,40218.0,2397
2016,8,8,DOG,40219.0,2398
2016,8,6,DOG,40220.0,2399
2016,8,5,DOG,40222.0,2400
2016,8,6,DOG,40223.0,2401
2016,8,4,DOG,40228.0,2402
2016,8,1,DOG,40229.0,2403
2016,8,12,DOG,40241.0,2404
2016,8,2,DOG,40242.0,2405
2016,8,7,DOG,40243.0,2406
2016,8,3,DOG,40245.0,2407
2016,8,6,DOG,40258.0,2408
2016,8,2,DOG,40268.0,2409
2016,8,18,DOG,40272.0,2410
2016,8,12,DOG,40291.0,2411
2016,8,8,DOG,40299.0,2412
2016,9,1,CAT,40023.0,2413
2016,9,2,CAT,40204.0,2414
2016,9,1,CAT,40205.0,2415
2016,9,1,CAT,40207.0,2416
2016,9,1,CAT,40212.0,2417
2016,9,1,CAT,40213.0,2418
2016,9,11,CAT,40214.0,2419
2016,9,1,CAT,40215.0,2420
2016,9,2,CAT,40216.0,2421
2016,9,1,CAT,40217.0,2422
2016,9,4,CAT,40218.0,2423
2016,9,3,CAT,40219.0,2424
2016,9,3,CAT,40220.0,2425
2016,9,2,CAT,40222.0,2426
2016,9,2,CAT,40223.0,2427
2016,9,2,CAT,40228.0,2428
2016,9,1,CAT,40229.0,2429
2016,9,2,CAT,40241.0,2430
2016,9,1,CAT,40243.0,2431
2016,9,1,CAT,40250.0,2432
2016,9,1,CAT,40258.0,2433
2016,9,2,CAT,40272.0,2434
2016,9,8,CAT,40291.0,2435
2016,9,1,CAT,40299.0,2436
2016,9,1,CAT,47446.0,2437
2016,9,1,DOG,40023.0,2438
2016,9,1,DOG,40027.0,2439
2016,9,1,DOG,40059.0,2440
2016,9,2,DOG,40118.0,2441
2016,9,3,DOG,40204.0,2442
2016,9,8,DOG,40205.0,2443
2016,9,1,DOG,40206.0,2444
2016,9,1,DOG,40207.0,2445
2016,9,1,DOG,40209.0,2446
2016,9,1,DOG,40212.0,2447
2016,9,7,DOG,40213.0,2448
2016,9,9,DOG,40214.0,2449
2016,9,3,DOG,40215.0,2450
2016,9,11,DOG,40216.0,2451
2016,9,7,DOG,40217.0,2452
2016,9,2,DOG,40218.0,2453
2016,9,5,DOG,40219.0,2454
2016,9,6,DOG,40220.0,2455
2016,9,1,DOG,40222.0,2456
2016,9,9,DOG,40223.0,2457
2016,9,1,DOG,40228.0,2458
2016,9,2,DOG,40229.0,2459
2016,9,5,DOG,40241.0,2460
2016,9,2,DOG,40242.0,2461
2016,9,2,DOG,40243.0,2462
2016,9,1,DOG,40245.0,2463
2016,9,9,DOG,40258.0,2464
2016,9,1,DOG,40268.0,2465
2016,9,3,DOG,40272.0,2466
2016,9,10,DOG,40291.0,2467
2016,9,4,DOG,40299.0,2468
2016,10,1,CAT,40023.0,2469
2016,10,1,CAT,40201.0,2470
2016,10,4,CAT,40204.0,2471
2016,10,4,CAT,40205.0,2472
2016,10,5,CAT,40213.0,2473
2016,10,2,CAT,40214.0,2474
2016,10,1,CAT,40215.0,2475
2016,10,4,CAT,40216.0,2476
2016,10,1,CAT,40217.0,2477
2016,10,2,CAT,40218.0,2478
2016,10,3,CAT,40219.0,2479
2016,10,6,CAT,40220.0,2480
2016,10,1,CAT,40223.0,2481
2016,10,2,CAT,40228.0,2482
2016,10,2,CAT,40229.0,2483
2016,10,1,CAT,40241.0,2484
2016,10,1,CAT,40243.0,2485
2016,10,6,CAT,40272.0,2486
2016,10,2,CAT,40299.0,2487
2016,10,1,CAT,42520.0,2488
2016,10,1,DOG,40023.0,2489
2016,10,2,DOG,40201.0,2490
2016,10,1,DOG,40204.0,2491
2016,10,11,DOG,40205.0,2492
2016,10,3,DOG,40206.0,2493
2016,10,1,DOG,40207.0,2494
2016,10,1,DOG,40208.0,2495
2016,10,1,DOG,40211.0,2496
2016,10,2,DOG,40212.0,2497
2016,10,2,DOG,40213.0,2498
2016,10,4,DOG,40214.0,2499
2016,10,2,DOG,40215.0,2500
2016,10,8,DOG,40216.0,2501
2016,10,5,DOG,40217.0,2502
2016,10,3,DOG,40218.0,2503
2016,10,8,DOG,40219.0,2504
2016,10,6,DOG,40220.0,2505
2016,10,1,DOG,40222.0,2506
2016,10,2,DOG,40223.0,2507
2016,10,2,DOG,40228.0,2508
2016,10,3,DOG,40229.0,2509
2016,10,2,DOG,40241.0,2510
2016,10,3,DOG,40245.0,2511
2016,10,1,DOG,40253.0,2512
2016,10,3,DOG,40258.0,2513
2016,10,4,DOG,40272.0,2514
2016,10,4,DOG,40291.0,2515
2016,10,5,DOG,40299.0,2516
2016,10,1,DOG,47129.0,2517
2016,11,1,CAT,40118.0,2518
2016,11,2,CAT,40204.0,2519
2016,11,2,CAT,40205.0,2520
2016,11,1,CAT,40206.0,2521
2016,11,3,CAT,40213.0,2522
2016,11,2,CAT,40214.0,2523
2016,11,3,CAT,40216.0,2524
2016,11,1,CAT,40217.0,2525
2016,11,3,CAT,40218.0,2526
2016,11,6,CAT,40219.0,2527
2016,11,1,CAT,40220.0,2528
2016,11,4,CAT,40223.0,2529
2016,11,2,CAT,40228.0,2530
2016,11,3,CAT,40229.0,2531
2016,11,1,CAT,40241.0,2532
2016,11,1,CAT,40243.0,2533
2016,11,2,CAT,40258.0,2534
2016,11,6,CAT,40272.0,2535
2016,11,1,CAT,40291.0,2536
2016,11,2,CAT,47172.0,2537
2016,11,3,DOG,40025.0,2538
2016,11,1,DOG,40059.0,2539
2016,11,3,DOG,40118.0,2540
2016,11,1,DOG,40150.0,2541
2016,11,1,DOG,40165.0,2542
2016,11,1,DOG,40203.0,2543
2016,11,6,DOG,40204.0,2544
2016,11,6,DOG,40205.0,2545
2016,11,3,DOG,40206.0,2546
2016,11,4,DOG,40207.0,2547
2016,11,2,DOG,40208.0,2548
2016,11,1,DOG,40210.0,2549
2016,11,1,DOG,40211.0,2550
2016,11,4,DOG,40213.0,2551
2016,11,10,DOG,40214.0,2552
2016,11,2,DOG,40215.0,2553
2016,11,17,DOG,40216.0,2554
2016,11,11,DOG,40217.0,2555
2016,11,6,DOG,40218.0,2556
2016,11,8,DOG,40219.0,2557
2016,11,4,DOG,40220.0,2558
2016,11,3,DOG,40222.0,2559
2016,11,4,DOG,40223.0,2560
2016,11,5,DOG,40228.0,2561
2016,11,6,DOG,40229.0,2562
2016,11,1,DOG,40241.0,2563
2016,11,5,DOG,40242.0,2564
2016,11,1,DOG,40243.0,2565
2016,11,1,DOG,40245.0,2566
2016,11,8,DOG,40272.0,2567
2016,11,5,DOG,40291.0,2568
2016,11,7,DOG,40299.0,2569
2016,11,1,DOG,40508.0,2570
2016,12,1,CAT,40071.0,2571
2016,12,2,CAT,40206.0,2572
2016,12,4,CAT,40214.0,2573
2016,12,1,CAT,40220.0,2574
2016,12,1,CAT,40229.0,2575
2016,12,1,CAT,40268.0,2576
2016,12,1,CAT,40272.0,2577
2016,12,1,DOG,40118.0,2578
2016,12,6,DOG,40205.0,2579
2016,12,4,DOG,40207.0,2580
2016,12,2,DOG,40208.0,2581
2016,12,1,DOG,40211.0,2582
2016,12,1,DOG,40212.0,2583
2016,12,5,DOG,40214.0,2584
2016,12,5,DOG,40215.0,2585
2016,12,2,DOG,40216.0,2586
2016,12,3,DOG,40217.0,2587
2016,12,1,DOG,40218.0,2588
2016,12,4,DOG,40219.0,2589
2016,12,2,DOG,40220.0,2590
2016,12,2,DOG,40223.0,2591
2016,12,2,DOG,40228.0,2592
2016,12,4,DOG,40229.0,2593
2016,12,2,DOG,40242.0,2594
2016,12,1,DOG,40268.0,2595
2016,12,2,DOG,40291.0,2596
2016,12,4,DOG,40299.0,2597
2017,2,1,DOG,40217.0,2598
