Facilty_Number,Facility_Name,Address,Zip,Area_Number,Program_Code,Establishment_Type,Status,Score_Recent,DateRecent,Score2,Date2,Score3,Date3,ObjectId
28955,ARMORED ACRES,15811 DIXIE HWY,40177,21,625,MOBILE HOME / REC. VEHICLE PARK,ACTIVE,84,2022/10/20 00:00:00,84,2021/10/19 00:00:00,86,2020/10/12 00:00:00,1
28966,CEDAR HEIGHTS MOBILE HOME PARK,9500 BARN RD,40291,25,625,MOBILE HOME / REC. VEHICLE PARK,ACTIVE,76,2022/10/14 00:00:00,86,2021/11/08 00:00:00,82,2020/10/14 00:00:00,2
35302,MEDORA ELEMENTARY SCHOOL,11801 DEERING RD,40272,23,635,SCHOOLS,ACTIVE,100,2023/03/22 00:00:00,100,2022/11/18 00:00:00,100,2022/03/08 00:00:00,3
28967,CLARK MOBILE HOME PARK,5209 CANE RUN RD,40216,27,625,MOBILE HOME / REC. VEHICLE PARK,ACTIVE,80,2022/11/14 00:00:00,88,2021/10/21 00:00:00,88,2020/11/03 00:00:00,4
28972,BARRINGTON POINTE,1321 GLENGARRY DR,40118,23,625,MOBILE HOME / REC. VEHICLE PARK,ACTIVE,74,2022/10/21 00:00:00,82,2021/10/18 00:00:00,86,2020/11/05 00:00:00,5
35304,A.E. MEYZEEK SCHOOL,828 S. JACKSON ST,40203,26,635,SCHOOLS,ACTIVE,92,2023/02/24 00:00:00,94,2022/09/21 00:00:00,100,2022/02/16 00:00:00,6
92260,WESTERN MOBILE HOME PARK,2634 1/2 ROCKFORD LANE,40216,24,625,MOBILE HOME / REC. VEHICLE PARK,ACTIVE,90,2022/09/29 00:00:00,90,2021/09/24 00:00:00,88,2020/09/15 00:00:00,7
35305,MIDDLETOWN ELEMENTARY SCHOOL,218 MADISON AVE,40243,25,635,SCHOOLS,ACTIVE,100,2023/03/13 00:00:00,100,2022/09/21 00:00:00,100,2022/02/02 00:00:00,8
28975,LAZY ACRES MOBILE HOME PARK,5601 CANE RUN RD,40258,22,625,MOBILE HOME / REC. VEHICLE PARK,ACTIVE,80,2022/10/27 00:00:00,88,2021/11/05 00:00:00,82,2020/10/15 00:00:00,9
92413,HOME TOWNE STUDIOS,4540 TAYLORSVILLE RD,40220,29,620,HOTEL / MOTEL,ACTIVE,68,2023/01/24 00:00:00,46,2022/01/13 00:00:00,86,2019/04/04 00:00:00,10
102185,WILD STRAWBERRY HAIR & NAIL STUDIO,104 BAUER AVE,40207,26,634,TATTOO STUDIO,ACTIVE,100,2023/04/12 00:00:00,98,2022/10/06 00:00:00,93,2022/02/15 00:00:00,11
35307,MILLCREEK ELEMENTARY SCHOOL,3816 DIXIE HWY,40216,23,635,SCHOOLS,ACTIVE,98,2023/02/17 00:00:00,100,2022/11/09 00:00:00,98,2022/02/18 00:00:00,12
28987,WOODLAND ESTATES MHP,8201 MINORS LANE,40219,22,625,MOBILE HOME / REC. VEHICLE PARK,ACTIVE,88,2022/10/24 00:00:00,88,2021/11/08 00:00:00,80,2020/10/16 00:00:00,13
92521,SEAN SMALLWOOD PRESENTS IMPERIAL TATTOOS AND PIERC,972 BARRET AVE,40204,28,634,TATTOO STUDIO,ACTIVE,93,2022/12/29 00:00:00,96,2022/04/11 00:00:00,98,2021/10/21 00:00:00,14
102760,HIGHLAND TATTOO COMPANY,2240 TAYLORSVILLE RD SUITE 102,40205,27,634,TATTOO STUDIO,ACTIVE,94,2023/02/15 00:00:00,97,2021/09/30 00:00:00,97,2019/12/12 00:00:00,15
35308,MINORS LANE ELEMENTARY SCHOOL,8510 MINORS LN,40219,27,635,SCHOOLS,ACTIVE,100,2023/03/20 00:00:00,95,2022/10/07 00:00:00,100,2022/03/15 00:00:00,16
28993,ASHLEY POINTE MHP,1115 PENILE RD,40272,24,625,MOBILE HOME / REC. VEHICLE PARK,ACTIVE,80,2022/11/15 00:00:00,86,2021/11/11 00:00:00,88,2020/11/02 00:00:00,17
92782,BAYMONT INN & SUITES LOUISVILLE SOUTH,6515 SIGNATURE DR,40213,27,620,HOTEL / MOTEL,ACTIVE,82,2022/11/07 00:00:00,82,2021/12/22 00:00:00,92,2020/11/11 00:00:00,18
102840,TATTOO ENVY,9815 3RD STREET RD,40272,23,634,TATTOO STUDIO,ACTIVE,100,2023/02/15 00:00:00,100,2022/09/26 00:00:00,97,2021/12/23 00:00:00,19
35309,M.C. MOORE HIGH SCHOOL,6415 OUTER LOOP,40228,27,635,SCHOOLS,ACTIVE,96,2023/04/21 00:00:00,100,2022/09/22 00:00:00,100,2022/04/20 00:00:00,20
103009,HYATT REGENCY,311 S 4TH ST,40202,24,620,HOTEL / MOTEL,ACTIVE,94,2022/12/08 00:00:00,100,2021/04/19 00:00:00,96,2019/12/30 00:00:00,21
93372,STAY GOLD STUDIO,4116 FLINTLOCK DR,40216,23,634,TATTOO STUDIO,ACTIVE,93,2023/01/05 00:00:00,87,2021/04/09 00:00:00,91,2019/12/16 00:00:00,22
79486,SPRINGHILL SUITES - LOUISVILLE AIRPORT,820 PHILLIPS LN,40209,28,620,HOTEL / MOTEL,ACTIVE,98,2022/12/16 00:00:00,98,2021/12/07 00:00:00,98,2019/12/11 00:00:00,23
29029,LITTLE BIFF'S MOTEL,13305 DIXIE HWY,40272,23,620,HOTEL / MOTEL,ACTIVE,83,2022/10/19 00:00:00,83,2021/03/17 00:00:00,66,2019/12/19 00:00:00,24
35312,NEWCOMER ACADEMY,3741 PULLIAM DR,40218,22,635,SCHOOLS,ACTIVE,100,2023/04/17 00:00:00,100,2022/09/26 00:00:00,100,2022/04/15 00:00:00,25
103428,PIONEER MHP,4136 CANE RUN RD,40216,29,625,MOBILE HOME / REC. VEHICLE PARK,ACTIVE,90,2022/11/02 00:00:00,88,2021/11/19 00:00:00,86,2019/11/06 00:00:00,26
93838,GEORGE UNSELD EARLY CHILDHOOD LEARNING,5216 ILEX AVENUE,40213,27,635,SCHOOLS,ACTIVE,100,2023/02/17 00:00:00,100,2022/10/19 00:00:00,100,2022/03/01 00:00:00,27
35452,ST. MARGARET MARY SCHOOL,7813 SHELBYVILLE RD,40222,25,635,SCHOOLS,ACTIVE,82,2023/05/17 00:00:00,100,2022/12/13 00:00:00,100,2022/03/11 00:00:00,28
35314,NEWBURG MIDDLE SCHOOL,4901 EXETER AVENUE,40218,27,635,SCHOOLS,ACTIVE,98,2023/04/17 00:00:00,98,2022/09/28 00:00:00,100,2022/02/17 00:00:00,29
29030,LOUISVILLE MANOR MOTEL,4600 DIXIE HWY,40216,23,620,HOTEL / MOTEL,ACTIVE,88,2023/04/05 00:00:00,90,2022/04/04 00:00:00,79,2021/03/16 00:00:00,30
79548,ECONOLODGE,9340 BLAIRWOOD RD,40222,29,620,HOTEL / MOTEL,ACTIVE,71,2023/03/14 00:00:00,50,2021/12/27 00:00:00,86,2019/12/19 00:00:00,31
103430,WINGATE BY WYNDHAM,12301 ALLIANT COURT,40299,22,620,HOTEL / MOTEL,ACTIVE,96,2023/04/07 00:00:00,88,2022/03/10 00:00:00,88,2021/03/02 00:00:00,32
93916,TRIUMPH TATTOO INC,964 BAXTER AVE,40204,28,634,TATTOO STUDIO,ACTIVE,97,2022/09/21 00:00:00,91,2021/03/05 00:00:00,100,2020/09/16 00:00:00,33
35316,NOE MIDDLE SCHOOL,121 W. LEE ST,40208,28,635,SCHOOLS,ACTIVE,98,2023/02/24 00:00:00,100,2022/10/04 00:00:00,96,2022/02/16 00:00:00,34
35453,ST. MATTHEWS ELEMENTARY SCHOOL,601 BROWNS LN,40207,29,635,SCHOOLS,ACTIVE,98,2023/04/21 00:00:00,96,2022/11/10 00:00:00,100,2022/03/11 00:00:00,35
79634,IROQUOIS MOBILE HOME PARK,4412 TAYLOR BLVD,40215,24,625,MOBILE HOME / REC. VEHICLE PARK,ACTIVE,90,2022/10/27 00:00:00,88,2021/12/22 00:00:00,80,2020/06/15 00:00:00,36
29032,ECONO LODGE,401 S. 2ND ST,40202,24,620,HOTEL / MOTEL,ACTIVE,77,2023/03/02 00:00:00,86,2022/08/31 00:00:00,91,2021/09/17 00:00:00,37
93917,COMFORT SUITES,1850 RESOURCE WAY,40299,22,620,HOTEL / MOTEL,ACTIVE,80,2023/04/07 00:00:00,79,2022/04/07 00:00:00,89,2021/03/09 00:00:00,38
103533,MAMA TRIED,1052 BARDSTOWN RD,40204,28,634,TATTOO STUDIO,ACTIVE,100,2023/02/13 00:00:00,100,2022/10/03 00:00:00,100,2021/12/29 00:00:00,39
35317,NORTON ELEMENTARY SCHOOL,8101 BROWNSBORO RD,40222,21,635,SCHOOLS,ACTIVE,100,2023/04/10 00:00:00,100,2022/12/16 00:00:00,89,2022/04/27 00:00:00,40
79635,"BROWN HOTEL, THE",335 W BROADWAY,40202,28,620,HOTEL / MOTEL,ACTIVE,92,2023/02/02 00:00:00,96,2022/01/06 00:00:00,90,2019/12/27 00:00:00,41
29037,BUDGETEL INN,3304 BARDSTOWN RD,40218,27,620,HOTEL / MOTEL,ACTIVE,59,2022/10/28 00:00:00,71,2022/04/04 00:00:00,100,2021/05/11 00:00:00,42
35456,BLOOM ELEMENTARY SCHOOL,1627 LUCIA AVE,40204,26,635,SCHOOLS,ACTIVE,96,2023/03/01 00:00:00,100,2022/09/09 00:00:00,100,2022/04/27 00:00:00,43
93918,SLEEP INN,1850 PRIORITY WAY,40299,22,620,HOTEL / MOTEL,ACTIVE,98,2023/02/03 00:00:00,96,2022/01/31 00:00:00,96,2021/01/22 00:00:00,44
35318,OKOLONA ELEMENTARY SCHOOL,7606 PRESTON HWY,40219,27,635,SCHOOLS,ACTIVE,100,2023/03/20 00:00:00,90,2022/10/12 00:00:00,94,2022/03/15 00:00:00,45
103591,HOME 2 SUITES,240 S HANCOCK ST,40202,26,620,HOTEL / MOTEL,ACTIVE,94,2022/10/27 00:00:00,84,2021/11/10 00:00:00,88,2019/12/18 00:00:00,46
35459,ST. PAUL ELEMENTARY SCHOOL,6901 DIXIE HWY,40258,23,635,SCHOOLS,ACTIVE,100,2023/03/06 00:00:00,100,2022/11/14 00:00:00,100,2022/04/12 00:00:00,47
94107,LOUISVILLE CLASSICAL ACADEMY,2005 DOUGLASS BLVD,40205,29,635,SCHOOLS,ACTIVE,100,2023/03/08 00:00:00,100,2022/09/09 00:00:00,100,2022/01/10 00:00:00,48
29055,DAYS INN AIRPORT,2905 FERN VALLEY RD,40213,27,620,HOTEL / MOTEL,ACTIVE,88,2023/05/19 00:00:00,73,2022/03/09 00:00:00,71,2021/03/04 00:00:00,49
79657,DRURY INN & SUITES,9501 BLAIRWOOD RD,40222,29,620,HOTEL / MOTEL,ACTIVE,88,2022/12/29 00:00:00,92,2021/12/22 00:00:00,92,2019/05/28 00:00:00,50
103928,WINGATE LOUISVILLE FAIR & EXPO CENTER,3200 KEMMONS DR,40218,27,620,HOTEL / MOTEL,ACTIVE,88,2023/04/05 00:00:00,89,2022/03/14 00:00:00,96,2019/12/23 00:00:00,51
94279,WEST END SCHOOL,3628 VIRGINA AVE,40211,24,635,SCHOOLS,ACTIVE,98,2023/04/21 00:00:00,100,2022/11/02 00:00:00,100,2022/04/29 00:00:00,52
35321,OUR LADY OF LOURDES,510 BRECKENRIDGE LN,40207,29,635,SCHOOLS,ACTIVE,88,2023/04/28 00:00:00,96,2022/11/30 00:00:00,100,2022/03/11 00:00:00,53
29064,GALT HOUSE,140 N. 4TH ST,40202,24,620,HOTEL / MOTEL,ACTIVE,96,2022/01/13 00:00:00,90,2020/02/25 00:00:00,88,2019/02/01 00:00:00,54
80431,TEMPORARY TATTOO ARTIST CERT.,400 E GRAY ST,40202,30,634,TATTOO STUDIO,HOLD,100,2018/10/20 00:00:00,0,,0,,55
35460,JEFFERSONTOWN ELEMENTARY SCHOOL,3610 CEDARWOOD,40299,22,635,SCHOOLS,ACTIVE,100,2023/02/22 00:00:00,100,2022/09/16 00:00:00,100,2022/02/11 00:00:00,56
104028,THE SEELBACH HILTON LOUISVILLE,500 S 4TH ST,40202,24,620,HOTEL / MOTEL,ACTIVE,92,2022/12/06 00:00:00,96,2021/12/02 00:00:00,96,2020/02/04 00:00:00,57
94918,SLEEP INN & SUITES,3330 PRESTON HWY,40213,28,620,HOTEL / MOTEL,ACTIVE,80,2023/01/30 00:00:00,89,2022/04/27 00:00:00,94,2020/01/02 00:00:00,58
35322,ST. NICHOLAS ACADEMY,5501 NEW CUT ROAD,40214,28,635,SCHOOLS,ACTIVE,100,2023/04/14 00:00:00,96,2022/10/20 00:00:00,92,2022/04/19 00:00:00,59
29066,RESIDENCE INN BY MARRIOTT,120 N HURSTBOURNE PKWY,40222,25,620,HOTEL / MOTEL,ACTIVE,84,2022/12/15 00:00:00,73,2021/12/09 00:00:00,88,2020/03/04 00:00:00,60
80432,CREATIVE INK TATTOO STUDIO,9513 DIXIE HWY,40272,23,634,TATTOO STUDIO,ACTIVE,95,2023/01/05 00:00:00,95,2022/05/11 00:00:00,100,2021/09/14 00:00:00,61
35461,JOHN PAUL II,3521 GOLDSMITH LN,40220,29,635,SCHOOLS,ACTIVE,100,2023/01/27 00:00:00,95,2022/09/21 00:00:00,100,2022/03/21 00:00:00,62
104030,INFINITE ELECTRIC TATTOO,3503 S HURSTBOURNE PKWY,40299,22,634,TATTOO STUDIO,ACTIVE,100,2023/02/03 00:00:00,100,2022/09/09 00:00:00,100,2021/10/08 00:00:00,63
95054,HOLIDAY INN,1325 S. HURSTBOURNE PKWY,40222,29,620,HOTEL / MOTEL,ACTIVE,90,2023/01/12 00:00:00,96,2021/12/16 00:00:00,96,2019/12/23 00:00:00,64
35324,MAUPIN ELEMENTARY SCHOOL,1312 CATALPA ST,40211,24,635,SCHOOLS,ACTIVE,100,2023/03/17 00:00:00,92,2022/10/20 00:00:00,96,2022/02/23 00:00:00,65
29072,GALT HOUSE EAST,140 N. 4TH ST,40202,24,620,HOTEL / MOTEL,ACTIVE,96,2023/06/12 00:00:00,91,2022/10/04 00:00:00,94,2021/04/20 00:00:00,66
80433,CREATIVE INK TATTOO STUDIO,9513 DIXIE HWY,40272,23,644,BODY PIERCING STUDIO,ACTIVE,91,2023/01/05 00:00:00,90,2022/05/11 00:00:00,100,2021/09/14 00:00:00,67
35462,J. J. AUDUBON ELEMENTARY SCHOOL,1051 HESS LANE,40217,28,635,SCHOOLS,ACTIVE,100,2023/01/24 00:00:00,96,2022/09/21 00:00:00,100,2022/02/11 00:00:00,68
104175,BLUE BIRD INC BOUTIQUE,1007 E MAIN ST,40206,26,634,TATTOO STUDIO,ACTIVE,100,2023/04/14 00:00:00,100,2022/10/20 00:00:00,100,2022/03/09 00:00:00,69
95269,TRUTH'S TATTOOS,3510 TAYLOR BLVD,40215,28,634,TATTOO STUDIO,ACTIVE,97,2022/11/23 00:00:00,94,2020/10/23 00:00:00,95,2019/05/30 00:00:00,70
35325,L.T. JOHNSON MIDDLE SCHOOL,2509 WILSON,40210,24,635,SCHOOLS,ACTIVE,94,2023/04/24 00:00:00,96,2022/11/07 00:00:00,98,2022/05/04 00:00:00,71
29074,RED ROOF INN #7134,3322 RED ROOF INN PLACE,40218,27,620,HOTEL / MOTEL,ACTIVE,87,2023/05/12 00:00:00,95,2022/03/11 00:00:00,92,2019/11/26 00:00:00,72
29720,CEDAR RIDGE CAMP & RETREAT CNT,4010 ROUTT RD,40299,22,650,RESIDENTIAL,ACTIVE,100,2023/08/02 00:00:00,98,2023/06/08 00:00:00,100,2023/05/15 00:00:00,73
31505,FAIRDALE HIGH SCHOOL,1001 FAIRDALE ROAD,40118,27,635,SCHOOLS,ACTIVE,100,2023/04/27 00:00:00,98,2022/12/02 00:00:00,100,2022/03/07 00:00:00,74
35218,TRINITY HIGH SCHOOL,4011 SHELBYVILLE RD,40207,29,635,SCHOOLS,ACTIVE,100,2023/05/17 00:00:00,92,2022/10/24 00:00:00,100,2022/02/28 00:00:00,75
35230,ZACHARY TAYLOR ELEMENTARY SCHOOL,9620 WESTPORT RD,40241,25,635,SCHOOLS,ACTIVE,96,2023/03/16 00:00:00,96,2022/11/21 00:00:00,100,2022/05/09 00:00:00,76
35231,TRUNNELL ELEMENTARY SCHOOL,7609 ST ANDREWS CHURCH RD,40214,28,635,SCHOOLS,ACTIVE,100,2023/02/13 00:00:00,100,2022/11/01 00:00:00,100,2022/04/15 00:00:00,77
35233,TULLY SPECIAL EDUCATION,3300 COLLEGE DR,40299,22,635,SCHOOLS,ACTIVE,96,2023/03/15 00:00:00,100,2022/09/26 00:00:00,100,2022/02/16 00:00:00,78
35235,WAGGENER HIGH SCHOOL,330 S. HUBBARDS LN,40207,29,635,SCHOOLS,ACTIVE,90,2023/04/19 00:00:00,92,2022/11/10 00:00:00,98,2022/03/17 00:00:00,79
35254,H. WATTERSON ELEMENTARY SCHOOL,3900 BRECKINRIDGE LN,40218,22,635,SCHOOLS,ACTIVE,100,2023/04/17 00:00:00,100,2022/09/26 00:00:00,100,2022/04/15 00:00:00,80
35255,WESTPORT MIDDLE SCHOOL,8100 WESTPORT RD,40222,25,635,SCHOOLS,ACTIVE,93,2023/03/24 00:00:00,96,2022/11/18 00:00:00,98,2022/04/27 00:00:00,81
35264,S. WELLINGTON ELEMENTARY SCHOOL,4800 KAUFMAN LN,40216,23,635,SCHOOLS,ACTIVE,98,2023/03/21 00:00:00,100,2022/11/17 00:00:00,100,2022/03/08 00:00:00,82
35265,WESTERN HIGH SCHOOL,2501 ROCKFORD LN,40216,23,635,SCHOOLS,ACTIVE,98,2023/01/24 00:00:00,92,2022/09/22 00:00:00,98,2022/01/25 00:00:00,83
35267,WESTERN MIDDLE SCHOOL,2201 W. MAIN ST,40212,24,635,SCHOOLS,ACTIVE,100,2023/04/17 00:00:00,96,2022/11/04 00:00:00,98,2022/03/22 00:00:00,84
35268,WHEATLEY ELEMENTARY SCHOOL,1107 S. 17TH ST,40210,24,635,SCHOOLS,ACTIVE,92,2023/04/13 00:00:00,96,2022/09/28 00:00:00,100,2022/03/02 00:00:00,85
35269,WHEELER ELEMENTARY SCHOOL,5700 CYNTHIA DR,40291,22,635,SCHOOLS,ACTIVE,100,2023/04/19 00:00:00,100,2022/09/22 00:00:00,100,2022/04/18 00:00:00,86
35270,WILDER ELEMENTARY SCHOOL,1913 HERR LN,40222,21,635,SCHOOLS,ACTIVE,96,2023/03/21 00:00:00,98,2022/11/28 00:00:00,100,2022/03/04 00:00:00,87
35275,WALLER WILLIAMS ENVIRONMENTAL SCHOOL,2415 ROCKFORD LANE,40216,23,635,SCHOOLS,ACTIVE,100,2023/02/28 00:00:00,100,2022/11/11 00:00:00,100,2022/03/08 00:00:00,88
35277,WILT ELEMENTARY SCHOOL,6700 PRICE LANE RD,40229,27,635,SCHOOLS,ACTIVE,100,2023/04/13 00:00:00,100,2022/09/21 00:00:00,100,2022/03/28 00:00:00,89
35278,JEFFERSON CO. TRADITIONAL MIDDLE SCHOOL,1418 MORTON AVE,40204,26,635,SCHOOLS,ACTIVE,87,2023/03/09 00:00:00,96,2022/09/14 00:00:00,100,2022/02/01 00:00:00,90
35279,W.M. YOUNG ELEMENTARY SCHOOL,3526 MUHAMMAD ALI BLVD.,40212,24,635,SCHOOLS,ACTIVE,100,2023/03/22 00:00:00,100,2022/11/11 00:00:00,100,2022/04/27 00:00:00,91
35283,ST. XAVIER HIGH SCHOOL,1609 POPLAR LEVEL RD,40217,28,635,SCHOOLS,ACTIVE,100,2023/04/19 00:00:00,100,2022/10/13 00:00:00,100,2022/02/23 00:00:00,92
35284,BALLARD HIGH SCHOOL,6000 BROWNSBORO RD,40222,21,635,SCHOOLS,ACTIVE,90,2023/04/13 00:00:00,92,2022/11/21 00:00:00,100,2022/05/19 00:00:00,93
35285,BARRETT MIDDLE SCHOOL,2561 GRINSTEAD DR,40206,26,635,SCHOOLS,ACTIVE,91,2023/02/24 00:00:00,98,2022/09/13 00:00:00,100,2022/05/09 00:00:00,94
35286,MINOR DANIELS ACADEMY,1960 BASHFORD MANOR LANE,40218,29,635,SCHOOLS,ACTIVE,100,2023/02/27 00:00:00,96,2022/09/12 00:00:00,100,2022/02/28 00:00:00,95
35288,J.H. BATES ELEMENTARY SCHOOL,7601 BARDSTOWN RD,40291,22,635,SCHOOLS,ACTIVE,100,2023/02/27 00:00:00,100,2022/09/12 00:00:00,100,2022/03/03 00:00:00,96
35289,BETH HAVEN,5515 JOHNSONTOWN RD,40272,23,635,SCHOOLS,ACTIVE,98,2023/02/14 00:00:00,96,2022/10/07 00:00:00,96,2022/03/16 00:00:00,97
35290,BLAKE ELEMENTARY SCHOOL,3801 BONAVENTURE BLVD,40219,27,635,SCHOOLS,ACTIVE,100,2023/04/18 00:00:00,96,2022/10/12 00:00:00,100,2022/02/23 00:00:00,98
35292,IROQUOIS HIGH SCHOOL,4615 TAYLOR BLVD,40215,28,635,SCHOOLS,ACTIVE,96,2023/04/19 00:00:00,96,2022/11/03 00:00:00,96,2022/05/05 00:00:00,99
35293,BLUE LICK ELEMENTARY SCHOOL,9801 BLUE LICK RD,40229,27,635,SCHOOLS,ACTIVE,100,2023/04/10 00:00:00,100,2023/04/10 00:00:00,100,2022/08/31 00:00:00,100
35294,A.E. BOWEN ELEMENTARY SCHOOL,1601 ROOSEVELT LN,40222,25,635,SCHOOLS,ACTIVE,100,2023/02/24 00:00:00,96,2022/11/15 00:00:00,98,2022/03/17 00:00:00,101
35296,BRECKENRIDGE METROPOLITAN HIGH SCHOOL,1128 E. BROADWAY,40204,26,635,SCHOOLS,ACTIVE,92,2023/02/22 00:00:00,96,2022/09/13 00:00:00,98,2022/01/31 00:00:00,102
35297,W.E.B. DUBOIS,3307 INDIAN TRAIL,40213,27,635,SCHOOLS,ACTIVE,94,2023/04/28 00:00:00,96,2022/10/13 00:00:00,96,2022/02/15 00:00:00,103
35298,BUTLER HIGH SCHOOL,2222 CRUMS LN,40216,24,635,SCHOOLS,ACTIVE,100,2023/05/22 00:00:00,100,2022/11/22 00:00:00,100,2022/02/22 00:00:00,104
35299,D.C. BYCK ELEMENTARY SCHOOL,2328 CEDAR ST,40212,24,635,SCHOOLS,ACTIVE,100,2023/04/17 00:00:00,100,2022/11/10 00:00:00,100,2022/04/15 00:00:00,105
35300,DEPAUL SCHOOL,1925 DUKER AVE,40205,29,635,SCHOOLS,ACTIVE,96,2023/03/08 00:00:00,100,2022/09/26 00:00:00,100,2022/05/04 00:00:00,106
59559,STONEGATE MOBILE HOME COMMUNITY,12200 DIXIE HWY,40272,25,625,MOBILE HOME / REC. VEHICLE PARK,ACTIVE,100,2022/10/07 00:00:00,96,2021/10/21 00:00:00,100,2020/10/16 00:00:00,107
35463,ST. ANDREW ACADEMY,7724 COLUMBINE DRIVE,40258,23,635,SCHOOLS,ACTIVE,100,2023/03/22 00:00:00,95,2022/10/11 00:00:00,91,2022/04/12 00:00:00,108
104197,DUPONT SUITES,1401 BROWNS LANE,40207,26,620,HOTEL / MOTEL,ACTIVE,95,2022/10/27 00:00:00,100,2021/11/11 00:00:00,92,2019/02/28 00:00:00,109
96457,CANDLEWOOD SUITES LOUISVILLE AIRPORT,1367 GARDINER LANE,40213,26,620,HOTEL / MOTEL,ACTIVE,74,2023/05/18 00:00:00,89,2022/03/14 00:00:00,94,2019/12/19 00:00:00,110
96487,HILTON GARDEN INN LOUISVILLE DOWNTOWN,350 W. CHESTNUT ST,40202,28,620,HOTEL / MOTEL,ACTIVE,92,2023/02/10 00:00:00,91,2022/01/31 00:00:00,96,2021/02/02 00:00:00,111
35326,PLEASURE RIDGE PARK CAREER MAGNET SCHOOL,5901 GREENWOOD RD,40258,23,635,SCHOOLS,ACTIVE,98,2023/03/09 00:00:00,98,2023/03/09 00:00:00,94,2022/12/06 00:00:00,112
35464,HOLY CROSS HIGH SCHOOL,5144 DIXIE HIGHWAY,40216,23,635,SCHOOLS,ACTIVE,98,2023/04/13 00:00:00,100,2022/11/21 00:00:00,100,2022/03/01 00:00:00,113
104363,MNO SALON,112 FAIRMEADE RD,40207,26,634,TATTOO STUDIO,ACTIVE,100,2022/12/16 00:00:00,95,2022/04/11 00:00:00,100,2019/04/23 00:00:00,114
80485,TATTOO CHARLIE'S OF PRP,7640 DIXIE HWY,40258,23,644,BODY PIERCING STUDIO,ACTIVE,96,2023/02/03 00:00:00,100,2022/11/23 00:00:00,100,2022/05/11 00:00:00,115
96651,HYATT PLACE LOUISVILLE EAST,701 S. HURSTBOURNE PARKWAY,40222,29,620,HOTEL / MOTEL,ACTIVE,87,2022/12/21 00:00:00,88,2021/12/21 00:00:00,94,2020/01/17 00:00:00,116
35330,PORTLAND ELEMENTARY SCHOOL,3410 NORTHWESTERN PARKWAY,40212,24,635,SCHOOLS,ACTIVE,98,2023/03/01 00:00:00,100,2022/10/20 00:00:00,100,2022/02/16 00:00:00,117
104498,OMNI HOTEL,400 S 2ND ST,40202,24,620,HOTEL / MOTEL,ACTIVE,100,2022/12/28 00:00:00,94,2022/01/03 00:00:00,90,2020/01/03 00:00:00,118
80486,TATTOO CHARLIE'S OF PRP,7640 DIXIE HWY,40258,23,634,TATTOO STUDIO,ACTIVE,95,2023/02/03 00:00:00,100,2022/11/23 00:00:00,100,2022/05/11 00:00:00,119
35465,ST. RAPHAEL SCHOOL,2131 LANCASHIRE AVENUE,40205,29,635,SCHOOLS,ACTIVE,96,2023/02/22 00:00:00,96,2022/09/12 00:00:00,100,2022/01/25 00:00:00,120
97063,COURTYARD BY MARRIOTT,100 S. 2ND ST.,40202,28,620,HOTEL / MOTEL,ACTIVE,94,2022/12/02 00:00:00,90,2021/11/18 00:00:00,92,2020/11/13 00:00:00,121
35331,S.J. PRICE ELEMENTARY SCHOOL,5001 GARDEN GREEN WAY,40218,27,635,SCHOOLS,ACTIVE,98,2023/02/27 00:00:00,85,2022/12/15 00:00:00,100,2022/02/17 00:00:00,122
104504,BROTHER RAVEN'S TATTOO & ART EMPORIUM,11509 SHELBYVILLE RD STE F,40243,25,634,TATTOO STUDIO,ACTIVE,100,2023/01/04 00:00:00,100,2021/05/06 00:00:00,100,2020/10/08 00:00:00,123
80737,KENWOOD MOBILE HOME PARK,4418 TAYLOR BLVD,40215,24,625,MOBILE HOME / REC. VEHICLE PARK,ACTIVE,86,2022/10/27 00:00:00,88,2021/12/22 00:00:00,90,2020/06/19 00:00:00,124
35468,ST. RITA SCHOOL,8709 PRESTON HWY,40219,27,635,SCHOOLS,ACTIVE,100,2023/04/18 00:00:00,100,2022/10/12 00:00:00,95,2022/03/09 00:00:00,125
97087,HILTON GARDEN INN,1530 ALLIANT AVE,40299,22,620,HOTEL / MOTEL,ACTIVE,86,2022/12/09 00:00:00,96,2021/12/06 00:00:00,90,2020/10/09 00:00:00,126
35332,RANGELAND ELEMENTARY SCHOOL,1701 RANGELAND RD,40219,27,635,SCHOOLS,ACTIVE,100,2023/03/23 00:00:00,96,2022/10/12 00:00:00,100,2022/03/15 00:00:00,127
104516,TRU BY HILTON,11505 BLUEGRASS PKWY,40299,22,620,HOTEL / MOTEL,ACTIVE,91,2022/12/08 00:00:00,88,2021/12/06 00:00:00,86,2020/10/26 00:00:00,128
80752,FAIRFIELD INN & SUITES,100 E JEFFERSON ST,40202,26,620,HOTEL / MOTEL,ACTIVE,88,2022/11/14 00:00:00,79,2022/11/03 00:00:00,94,2021/12/01 00:00:00,129
80755,SPRINGHILL SUITES,132 E JEFFERSON ST,40202,26,620,HOTEL / MOTEL,ACTIVE,63,2023/01/13 00:00:00,92,2021/12/01 00:00:00,96,2019/05/13 00:00:00,130
81041,HOLIDAY INN AIRPORT & FAIR - EXPO CENTER,447 FARMINGTON AVE,40209,23,620,HOTEL / MOTEL,ACTIVE,84,2022/11/01 00:00:00,94,2021/12/10 00:00:00,92,2019/11/26 00:00:00,131
81676,HILTON GARDEN INN,9850 PARK PLAZA,40241,21,620,HOTEL / MOTEL,ACTIVE,92,2022/12/28 00:00:00,94,2021/12/29 00:00:00,92,2020/01/24 00:00:00,132
82362,JOHN L. RAMSEY MIDDLE SCHOOL,6409 GELHAUS LANE,40299,22,635,SCHOOLS,ACTIVE,100,2023/02/17 00:00:00,96,2022/09/08 00:00:00,98,2022/02/11 00:00:00,133
82598,EMMA L MINNIS JR. ACADEMY,1939 MAGAZINE ST,40203,24,635,SCHOOLS,ACTIVE,98,2023/02/23 00:00:00,100,2022/09/19 00:00:00,98,2022/02/24 00:00:00,134
82632,COLLIER'S MOTEL,4812 BARDSTOWN RD,40291,22,620,HOTEL / MOTEL,ACTIVE,96,2023/02/02 00:00:00,100,2022/01/25 00:00:00,100,2021/01/21 00:00:00,135
83002,HOLIDAY MHC LLC,8219 MINORS LN,40219,29,625,MOBILE HOME / REC. VEHICLE PARK,ACTIVE,90,2022/11/30 00:00:00,88,2021/11/08 00:00:00,82,2020/10/16 00:00:00,136
83011,CROWNE PLAZA,830 PHILLIPS LN,40209,28,620,HOTEL / MOTEL,ACTIVE,94,2023/02/09 00:00:00,87,2022/04/01 00:00:00,88,2021/04/01 00:00:00,137
83095,EMBASSY SUITES,9940 CORPORATE CAMPUS DR,40223,25,620,HOTEL / MOTEL,ACTIVE,90,2023/02/28 00:00:00,94,2022/01/11 00:00:00,94,2019/12/24 00:00:00,138
83110,COURTYARD BY MARRIOTT,819 PHILLIPS LN,40209,28,620,HOTEL / MOTEL,ACTIVE,92,2022/12/16 00:00:00,96,2021/12/08 00:00:00,88,2019/12/18 00:00:00,139
83208,TAT IT UP,"1300 W BROADWAY, UNIT 1",40203,24,634,TATTOO STUDIO,ACTIVE,96,2022/12/29 00:00:00,100,2021/10/27 00:00:00,98,2019/06/06 00:00:00,140
83360,LIBERTY TATTOO & ART PARLOR,2801 S 3RD ST,40208,28,634,TATTOO STUDIO,ACTIVE,100,2023/01/24 00:00:00,100,2022/09/28 00:00:00,100,2021/09/29 00:00:00,141
84275,HOLIDAY INN LOU. AIRPORT SOUTH,6551 PARAMOUNT PARK DR,40213,27,620,HOTEL / MOTEL,ACTIVE,66,2022/08/23 00:00:00,90,2022/02/24 00:00:00,92,2021/03/03 00:00:00,142
84427,MERCY ACADEMY,5801 FEGENBUSH LANE,40228,22,635,SCHOOLS,ACTIVE,98,2023/03/27 00:00:00,100,2022/10/04 00:00:00,100,2022/03/24 00:00:00,143
84638,SUMMIT ACADEMY,11508 MAIN STREET,40243,25,635,SCHOOLS,ACTIVE,89,2023/04/27 00:00:00,94,2022/12/08 00:00:00,100,2022/02/25 00:00:00,144
84785,ST MARY ACADEMY,11311 ST MARY LANE,40059,21,635,SCHOOLS,ACTIVE,100,2023/01/24 00:00:00,98,2022/11/16 00:00:00,98,2022/11/16 00:00:00,145
84811,HOTEL LOUISVILLE,120 W BROADWAY,40202,24,620,HOTEL / MOTEL,ACTIVE,81,2023/05/11 00:00:00,92,2022/04/29 00:00:00,94,2021/03/25 00:00:00,146
84955,MONTESSORI SCHOOL OF LOUISVILLE,10263 CHAMPION FARMS DRIVE,40241,25,635,SCHOOLS,ACTIVE,100,2023/03/13 00:00:00,100,2022/11/15 00:00:00,93,2022/02/18 00:00:00,147
85014,FIVE STAR TATTOO,2208 FRANKFORT AVE,40206,26,634,TATTOO STUDIO,ACTIVE,94,2023/04/11 00:00:00,91,2022/10/13 00:00:00,96,2022/05/06 00:00:00,148
86971,HIGHLANDS LATIN SCHOOL,10901 SHELBYVILLE RD,40243,25,635,SCHOOLS,ACTIVE,84,2023/04/28 00:00:00,98,2022/12/20 00:00:00,94,2022/03/15 00:00:00,149
87834,NUR ISLAMIC SCHOOL,6500 SIX MILE LANE,40218,22,635,SCHOOLS,ACTIVE,100,2023/04/13 00:00:00,100,2022/11/10 00:00:00,100,2022/03/28 00:00:00,150
89184,PORTLAND CHRISTIAN SCHOOL,8509 WESTPORT ROAD,40242,25,635,SCHOOLS,ACTIVE,96,2023/03/20 00:00:00,98,2022/11/28 00:00:00,100,2022/03/02 00:00:00,151
89335,SKIN CITY TATTOOZ,4519 BARDSTOWN RD,40218,22,634,TATTOO STUDIO,ACTIVE,100,2023/02/10 00:00:00,100,2022/09/12 00:00:00,96,2021/10/07 00:00:00,152
89541,ARTFULLY INSANE,2604 BARDSTOWN RD,40205,27,634,TATTOO STUDIO,ACTIVE,100,2023/01/04 00:00:00,97,2022/02/16 00:00:00,100,2020/11/03 00:00:00,153
89542,ARTFULLY INSANE,2604 BARDSTOWN RD,40205,27,644,BODY PIERCING STUDIO,ACTIVE,96,2023/01/04 00:00:00,93,2022/02/16 00:00:00,100,2020/11/03 00:00:00,154
90350,VALIANT CHRISTIAN ACADEMY,5627 NEW CUT RD,40214,28,635,SCHOOLS,ACTIVE,100,2023/03/14 00:00:00,100,2022/10/20 00:00:00,95,2022/03/31 00:00:00,155
90351,PROPHECY INK,907 BAXTER AVE,40204,28,634,TATTOO STUDIO,ACTIVE,100,2022/12/21 00:00:00,100,2022/04/07 00:00:00,97,2021/02/22 00:00:00,156
90652,LEGACY HOTEL AT SBTS,2825 LEXINGTON RD,40280,26,620,HOTEL / MOTEL,ACTIVE,94,2022/09/01 00:00:00,100,2021/05/21 00:00:00,100,2019/12/30 00:00:00,157
91386,WOODSPRING SUITES,10400 BROOKRIDGE VILLAGE BLVD,40291,22,620,HOTEL / MOTEL,ACTIVE,92,2023/02/10 00:00:00,92,2022/02/10 00:00:00,92,2021/01/25 00:00:00,158
91726,JOHNSONTOWN POINTE,5410 JOHNSONTOWN RD,40202,23,625,MOBILE HOME / REC. VEHICLE PARK,ACTIVE,92,2022/09/22 00:00:00,92,2021/10/08 00:00:00,94,2020/10/21 00:00:00,159
91727,LOGANS POINTE II,13030 DIXIE HWY,40272,26,625,MOBILE HOME / REC. VEHICLE PARK,ACTIVE,94,2022/12/13 00:00:00,88,2021/12/02 00:00:00,90,2019/11/12 00:00:00,160
91728,MILLS POINTE,6310 SIDNEY RENEE DR,40272,28,625,MOBILE HOME / REC. VEHICLE PARK,ACTIVE,80,2022/11/01 00:00:00,86,2021/10/22 00:00:00,92,2019/12/23 00:00:00,161
91729,LOGANS POINTE I,13004 DIXIE HWY,40272,26,625,MOBILE HOME / REC. VEHICLE PARK,ACTIVE,94,2022/12/13 00:00:00,90,2021/12/02 00:00:00,92,2019/11/12 00:00:00,162
91730,AUTUMN LAKE POINTE,12607 E ORELL RD,40272,26,625,MOBILE HOME / REC. VEHICLE PARK,ACTIVE,80,2022/11/04 00:00:00,78,2021/11/18 00:00:00,84,2020/11/05 00:00:00,163
91866,CRYPTIC INK TATTOO STUDIO,12412 DIXIE HWY,40272,23,634,TATTOO STUDIO,ACTIVE,100,2023/03/24 00:00:00,100,2022/12/01 00:00:00,97,2021/09/28 00:00:00,164
92067,TATU,5000 SHELBYVILLE RD SUITE 1246,40207,25,634,TATTOO STUDIO,ACTIVE,93,2023/05/17 00:00:00,98,2023/02/22 00:00:00,92,2022/09/09 00:00:00,165
92068,TATU,5000 SHELBYVILLE RD SUITE 1246,40207,25,644,BODY PIERCING STUDIO,ACTIVE,94,2023/05/16 00:00:00,100,2023/02/22 00:00:00,95,2022/09/09 00:00:00,166
92129,CORNERSTONE ACADEMY OF EASTSIDE PRAISE,6300 BILLTOWN RD,40299,22,635,SCHOOLS,ACTIVE,100,2023/04/13 00:00:00,100,2022/09/13 00:00:00,100,2022/03/29 00:00:00,167
59631,FARNSLEY MIDDLE SCHOOL,3400 LEES LANE,40216,23,635,SCHOOLS,ACTIVE,98,2023/03/10 00:00:00,98,2023/03/10 00:00:00,96,2022/11/15 00:00:00,168
35379,SOUTHERN HIGH SCHOOL,8620 PRESTON HWY,40219,27,635,SCHOOLS,ACTIVE,91,2023/04/10 00:00:00,94,2022/12/02 00:00:00,96,2022/05/13 00:00:00,169
97142,TWISTED IMAGES,1225 BARDSTOWN RD,40204,28,634,TATTOO STUDIO,ACTIVE,100,2022/12/08 00:00:00,100,2022/04/07 00:00:00,100,2021/03/11 00:00:00,170
35380,CAMP TAYLOR ELEMENTARY SCHOOL,1446 BELMAR DR,40213,28,635,SCHOOLS,ACTIVE,98,2023/01/24 00:00:00,98,2022/09/21 00:00:00,100,2022/02/11 00:00:00,171
59740,EXTENDED STAY AMERICA #9659,1650 ALLIANT DRIVE,40299,22,620,HOTEL / MOTEL,ACTIVE,94,2023/03/06 00:00:00,90,2022/02/24 00:00:00,96,2021/01/29 00:00:00,172
35334,RUTHERFORD ELEMENTARY SCHOOL,301 SOUTHLAND BLVD,40214,28,635,SCHOOLS,ACTIVE,96,2023/02/22 00:00:00,96,2022/10/20 00:00:00,94,2022/03/31 00:00:00,173
104517,TRU BY HILTON,810 PHILLIPS LANE,40209,27,620,HOTEL / MOTEL,ACTIVE,100,2023/02/21 00:00:00,96,2021/12/07 00:00:00,100,2020/10/23 00:00:00,174
35471,HOLY SPIRIT SCHOOL,332 CANNONS LANE,40206,26,635,SCHOOLS,ACTIVE,94,2023/01/26 00:00:00,94,2022/09/07 00:00:00,100,2022/02/14 00:00:00,175
60864,JEFFERSON REGIONAL JUVENILE DETENTION CENTER,8711 LAGRANGE ROAD,40242,25,635,SCHOOLS,ACTIVE,96,2023/03/13 00:00:00,91,2022/11/22 00:00:00,98,2022/03/31 00:00:00,176
35335,EASTERN HIGH SCHOOL,12400 SHELBYVILLE RD,40243,25,635,SCHOOLS,ACTIVE,98,2023/04/25 00:00:00,96,2022/09/12 00:00:00,92,2022/02/24 00:00:00,177
97143,TWISTED IMAGES,1225 BARDSTOWN RD,40204,28,644,BODY PIERCING STUDIO,ACTIVE,100,2022/12/08 00:00:00,100,2022/04/07 00:00:00,100,2021/03/11 00:00:00,178
104518,FAIRFIELD INN & SUITES,10110 CHAMPION FARMS DR,40241,21,620,HOTEL / MOTEL,ACTIVE,90,2022/03/18 00:00:00,94,2021/03/30 00:00:00,90,2020/01/10 00:00:00,179
35381,ANCHORAGE PUBLIC SCHOOL,11400 RIDGE RD,40223,25,635,SCHOOLS,ACTIVE,96,2023/04/21 00:00:00,98,2022/12/09 00:00:00,100,2022/03/15 00:00:00,180
35472,HOLY TRINITY SCHOOL,423 CHERRYWOOD,40207,29,635,SCHOOLS,ACTIVE,100,2023/01/27 00:00:00,98,2022/11/10 00:00:00,100,2022/02/02 00:00:00,181
35337,D.D. EISENHOWER ELEMENTARY SCHOOL,5300 JESSAMINE DR,40258,23,635,SCHOOLS,ACTIVE,100,2023/02/14 00:00:00,100,2022/10/07 00:00:00,100,2022/03/11 00:00:00,182
60968,LOUISVILLE ORAL DEAF SCHOOL,111 E. KENTUCKY STREET,40203,24,635,SCHOOLS,ACTIVE,100,2023/02/28 00:00:00,100,2022/09/27 00:00:00,100,2022/02/15 00:00:00,183
97320,WOODSPRING SUITES,1201 KENTUCKY MILLS DR,40299,22,620,HOTEL / MOTEL,ACTIVE,94,2023/04/03 00:00:00,88,2022/03/16 00:00:00,100,2021/03/09 00:00:00,184
35382,CANE RUN ELEMENTARY SCHOOL,3951 CANE RUN RD,40211,24,635,SCHOOLS,ACTIVE,100,2023/02/09 00:00:00,98,2022/09/27 00:00:00,98,2022/02/01 00:00:00,185
104519,TOWNEPLACE SUITES,10110 CHAMPION FARMS DR,40241,21,620,HOTEL / MOTEL,ACTIVE,69,2022/03/18 00:00:00,94,2021/03/30 00:00:00,80,2020/01/10 00:00:00,186
35383,ASCENSION OF OUR LORD SCHOOL,4600 LYNNBROOK,40220,29,635,SCHOOLS,ACTIVE,96,2023/02/27 00:00:00,100,2022/10/07 00:00:00,100,2022/01/25 00:00:00,187
35473,ST. STEPHAN MARTYR SCHOOL,2931 PINDELL AVE,40217,28,635,SCHOOLS,ACTIVE,100,2023/02/27 00:00:00,100,2022/10/13 00:00:00,100,2022/02/17 00:00:00,188
35339,ENGELHARD ELEMENTARY SCHOOL,1004 S. 1ST ST,40203,24,635,SCHOOLS,ACTIVE,94,2023/02/28 00:00:00,100,2022/10/06 00:00:00,100,2022/02/15 00:00:00,189
97389,TWIN OAKS MOBILE HOME PARK,12303 E. ORELL RD,40272,22,625,MOBILE HOME / REC. VEHICLE PARK,ACTIVE,88,2022/10/25 00:00:00,88,2021/10/19 00:00:00,84,2020/10/12 00:00:00,190
61099,CHRISTIAN ACADEMY OF LOUISVILLE,700 S. ENGLISH STATION RD,40245,25,635,SCHOOLS,ACTIVE,100,2023/04/25 00:00:00,92,2022/09/21 00:00:00,98,2022/03/15 00:00:00,191
35475,KENTUCKY COUNTRY DAY,4100 SPRINGDALE RD,40222,21,635,SCHOOLS,ACTIVE,98,2023/04/17 00:00:00,93,2022/11/22 00:00:00,85,2022/05/09 00:00:00,192
35340,EVANGEL CHRISTIAN SCHOOL,3728 TAYLORSVILLE RD,40220,29,635,SCHOOLS,ACTIVE,94,2023/02/13 00:00:00,100,2022/09/08 00:00:00,100,2022/01/25 00:00:00,193
97577,SUPER 8 MOTEL,4800 PRESTON HWY,40213,27,620,HOTEL / MOTEL,ACTIVE,75,2023/03/17 00:00:00,69,2021/12/29 00:00:00,88,2021/03/11 00:00:00,194
104520,TOWNEPLACE SUITES,6601 PARAMOUNT PARK DR,40213,27,620,HOTEL / MOTEL,ACTIVE,100,2023/02/21 00:00:00,78,2021/12/28 00:00:00,94,2020/11/05 00:00:00,195
35384,CARRITHERS MIDDLE SCHOOL,4320 BILLTOWN RD,40299,22,635,SCHOOLS,ACTIVE,98,2023/02/17 00:00:00,100,2022/09/08 00:00:00,98,2022/02/11 00:00:00,196
61378,MCFERRAN ELEMENTARY SCHOOL,1900 S. 7TH STREET RD,40208,24,635,SCHOOLS,ACTIVE,100,2023/05/01 00:00:00,100,2022/11/09 00:00:00,100,2022/03/09 00:00:00,197
35476,GRACE JAMES ACADEMY OF EXCELLENCE,1615 W BROADWAY,40203,24,635,SCHOOLS,ACTIVE,100,2023/03/22 00:00:00,100,2022/10/07 00:00:00,100,2022/05/03 00:00:00,198
35341,FAIRDALE ELEMENTARY SCHOOL,10104 MITCHELL HILL RD,40118,27,635,SCHOOLS,ACTIVE,100,2023/04/27 00:00:00,94,2022/10/12 00:00:00,98,2022/02/23 00:00:00,199
98140,PITT ACADEMY,7515 WESTPORT RD,40222,21,635,SCHOOLS,ACTIVE,100,2023/03/24 00:00:00,100,2022/11/28 00:00:00,100,2022/03/02 00:00:00,200
104523,RESIDENCE INN,401 BULLITT LANE,40222,26,620,HOTEL / MOTEL,ACTIVE,91,2022/11/18 00:00:00,83,2021/09/13 00:00:00,88,2019/11/20 00:00:00,201
35386,ASSUMPTION HIGH SCHOOL,2170 TYLER LN,40205,29,635,SCHOOLS,ACTIVE,98,2023/03/01 00:00:00,95,2022/09/29 00:00:00,100,2022/01/28 00:00:00,202
61683,EXTENDED STAY AMERICA #4,9801 BUNSEN WAY,40299,29,620,HOTEL / MOTEL,ACTIVE,96,2023/04/07 00:00:00,90,2022/02/25 00:00:00,71,2020/11/24 00:00:00,203
35477,M. SANDERS ELEMENTARY SCHOOL,8408 TERRY RD,40258,23,635,SCHOOLS,ACTIVE,100,2023/02/16 00:00:00,98,2022/10/11 00:00:00,100,2022/03/16 00:00:00,204
35345,DIXIE ELEMENTARY SCHOOL,10201 CASA LANDA,40272,23,635,SCHOOLS,ACTIVE,100,2023/02/28 00:00:00,96,2022/11/14 00:00:00,89,2022/03/22 00:00:00,205
98348,STAYBRIDGE SUITES,11711 GATEWORTH WAY,40299,22,620,HOTEL / MOTEL,ACTIVE,87,2022/12/09 00:00:00,96,2021/12/10 00:00:00,88,2020/10/27 00:00:00,206
104525,MOXY,100 W. WASHINGTON,40202,24,620,HOTEL / MOTEL,ACTIVE,96,2023/03/07 00:00:00,100,2022/02/22 00:00:00,100,2021/02/19 00:00:00,207
35387,CENTRAL HIGH SCHOOL,1130 W. CHESTNUT ST,40203,24,635,SCHOOLS,ACTIVE,100,2023/05/09 00:00:00,98,2022/11/17 00:00:00,100,2022/04/29 00:00:00,208
62879,ST. MICHAELS SCHOOL,3705 STONE LAKES DRIVE,40299,22,635,SCHOOLS,ACTIVE,96,2023/04/19 00:00:00,96,2022/11/09 00:00:00,100,2022/04/18 00:00:00,209
35346,FERN CREEK ELEMENTARY SCHOOL,8815 FERNDALE RD,40291,22,635,SCHOOLS,ACTIVE,100,2023/02/28 00:00:00,100,2022/09/15 00:00:00,100,2022/02/11 00:00:00,210
98553,ZOE'S TATTOOS,1161 S 4TH ST,40203,24,634,TATTOO STUDIO,ACTIVE,100,2022/12/08 00:00:00,80,2022/11/03 00:00:00,90,2022/05/04 00:00:00,211
63213,BRECKINRIDGE/FRANKLIN ELEMENTARY SCHOOL,1351 PAYNE STREET,40206,26,635,SCHOOLS,ACTIVE,88,2023/02/17 00:00:00,94,2022/09/13 00:00:00,100,2022/01/25 00:00:00,212
104539,CLIQUE BOUTIQUE,2212 HOLIDAY MANOR CENTER,40222,999,634,TATTOO STUDIO,HOLD,0,,0,,0,,213
35479,W. SHACKLETTE ELEMENTARY SCHOOL,5310 MERCURY DR.,40258,23,635,SCHOOLS,ACTIVE,100,2023/02/28 00:00:00,94,2022/11/11 00:00:00,100,2022/04/12 00:00:00,214
35347,DOSS HIGH SCHOOL,7610 ST ANDREWS CHURCH RD,40214,28,635,SCHOOLS,ACTIVE,98,2023/04/19 00:00:00,96,2022/11/01 00:00:00,84,2022/04/19 00:00:00,215
35388,ATHERTON HIGH SCHOOL,3000 DUNDEE RD,40205,29,635,SCHOOLS,ACTIVE,94,2023/03/14 00:00:00,100,2022/09/28 00:00:00,91,2022/09/21 00:00:00,216
104685,HOMEWOOD SUITES,635 W MARKET ST,40202,24,620,HOTEL / MOTEL,ACTIVE,92,2022/07/26 00:00:00,96,2021/02/22 00:00:00,96,2020/01/31 00:00:00,217
35481,E. SEMPLE ELEMENTARY SCHOOL,724 DENMARK AVE,40215,28,635,SCHOOLS,ACTIVE,100,2023/04/13 00:00:00,100,2022/10/21 00:00:00,100,2022/03/08 00:00:00,218
35348,DUNN ELEMENTARY SCHOOL,2010 RUDY LANE,40207,21,635,SCHOOLS,ACTIVE,100,2023/04/10 00:00:00,100,2022/11/21 00:00:00,96,2022/03/04 00:00:00,219
63300,DAYS INN,4051 CANE RUN ROAD,40216,23,620,HOTEL / MOTEL,ACTIVE,90,2023/01/13 00:00:00,94,2022/02/25 00:00:00,94,2021/02/26 00:00:00,220
98554,ZOE'S TATTOOS,1161 S 4TH ST,40203,24,644,BODY PIERCING STUDIO,ACTIVE,100,2022/12/08 00:00:00,89,2022/11/03 00:00:00,90,2022/05/04 00:00:00,221
35391,CHENOWETH ELEMENTARY SCHOOL,3622 BROWNSBORO RD,40207,26,635,SCHOOLS,ACTIVE,96,2023/02/24 00:00:00,96,2022/09/08 00:00:00,95,2022/03/11 00:00:00,222
104983,AC MARRIOTT  HOTEL LOUISVILLE DOWNTOWN,727 E MARKET ST,40202,26,620,HOTEL / MOTEL,ACTIVE,83,2023/04/10 00:00:00,92,2021/12/13 00:00:00,92,2019/06/18 00:00:00,223
35483,SENECA HIGH SCHOOL,3510 GOLDSMITH LN,40220,29,635,SCHOOLS,ACTIVE,96,2023/02/09 00:00:00,92,2022/09/21 00:00:00,100,2022/04/15 00:00:00,224
35349,FERN CREEK HIGH SCHOOL,9115 FERN CREEK RD,40291,22,635,SCHOOLS,ACTIVE,98,2023/04/19 00:00:00,90,2022/11/09 00:00:00,98,2022/04/18 00:00:00,225
63312,DAWSON ORMAN EDUCATION CENTER,900 S. FLOYD STREET,40203,24,635,SCHOOLS,ACTIVE,100,2023/01/27 00:00:00,100,2022/10/07 00:00:00,100,2022/01/11 00:00:00,226
98617,ALOFT LOUISVILLE DOWNTOWN HOTEL,102 W MAIN ST,40202,26,620,HOTEL / MOTEL,ACTIVE,90,2022/12/21 00:00:00,94,2021/11/15 00:00:00,92,2019/12/19 00:00:00,227
35393,AUBURNDALE ELEMENTARY SCHOOL,5749 NEWCUT RD,40214,28,635,SCHOOLS,ACTIVE,100,2023/01/27 00:00:00,100,2022/10/12 00:00:00,100,2022/03/15 00:00:00,228
105182,HOME 2 SUITES,3000 CRITTENDEN DR,40209,23,620,HOTEL / MOTEL,ACTIVE,96,2023/03/30 00:00:00,96,2022/04/05 00:00:00,96,2021/02/18 00:00:00,229
35485,SHAWNEE HIGH SCHOOL,4018 W. MARKET ST,40212,24,635,SCHOOLS,ACTIVE,100,2023/05/19 00:00:00,100,2022/12/06 00:00:00,96,2022/02/28 00:00:00,230
35350,CARTER-DUVALLE SCHOOL,3600 BOHNE AVE,40211,24,635,SCHOOLS,ACTIVE,98,2023/03/27 00:00:00,100,2022/11/02 00:00:00,100,2022/03/08 00:00:00,231
63383,RESIDENCE INN AIRPORT,700 PHILLIPS LN,40209,28,620,HOTEL / MOTEL,ACTIVE,98,2022/12/20 00:00:00,94,2021/12/08 00:00:00,100,2019/12/12 00:00:00,232
98884,RED CARPET INN,1640 S. HURSTBOURNE PKWY,40220,29,620,HOTEL / MOTEL,ACTIVE,88,2023/01/19 00:00:00,86,2021/12/15 00:00:00,90,2019/06/11 00:00:00,233
35395,HARTSTERN ELEMENTARY SCHOOL,5200 MORNINGSIDE WAY,40219,27,635,SCHOOLS,ACTIVE,100,2023/04/17 00:00:00,100,2022/09/15 00:00:00,100,2022/04/18 00:00:00,234
105527,BODY RX LOUISVILLE,8594 DIXIE HWY,40258,23,634,TATTOO STUDIO,ACTIVE,100,2023/05/16 00:00:00,91,2022/12/01 00:00:00,100,2021/04/09 00:00:00,235
35486,MANUAL HIGH SCHOOL,120 W. LEE ST,40208,28,635,SCHOOLS,ACTIVE,100,2023/04/14 00:00:00,100,2022/10/04 00:00:00,100,2022/02/18 00:00:00,236
35351,EMMET FIELD SCHOOL,120 SACRED HEART LN,40206,26,635,SCHOOLS,ACTIVE,96,2023/02/23 00:00:00,94,2022/09/08 00:00:00,98,2022/05/09 00:00:00,237
35352,LIBERTY HIGH SCHOOL,1281 GILMORE LANE,40213,27,635,SCHOOLS,ACTIVE,100,2023/03/17 00:00:00,100,2022/10/19 00:00:00,100,2022/02/21 00:00:00,238
35353,GREATHOUSE ELEMENTARY SCHOOL,2706 BROWNS LANE,40220,29,635,SCHOOLS,ACTIVE,92,2023/02/23 00:00:00,96,2022/09/08 00:00:00,100,2022/03/11 00:00:00,239
35354,STEPHAN FOSTER ELEMENTARY SCHOOL,1401 S. 41ST STREET,40211,24,635,SCHOOLS,ACTIVE,95,2023/03/27 00:00:00,97,2022/09/21 00:00:00,94,2022/04/11 00:00:00,240
35355,GREENWOOD ELEMENTARY SCHOOL,5801 GREENWOOD ROAD,40258,23,635,SCHOOLS,ACTIVE,100,2023/02/14 00:00:00,96,2022/10/11 00:00:00,100,2022/03/07 00:00:00,241
35357,FRAYSER ELEMENTARY SCHOOL,1230 LARCHMONT AVE,40215,28,635,SCHOOLS,ACTIVE,94,2023/01/25 00:00:00,100,2022/10/18 00:00:00,100,2022/03/02 00:00:00,242
35361,VALLEY HIGH SCHOOL,10200 DIXIE HWY,40272,23,635,SCHOOLS,ACTIVE,96,2023/03/22 00:00:00,96,2022/11/14 00:00:00,98,2022/04/12 00:00:00,243
35362,SLAUGHTER ELEMENTARY SCHOOL,3805 FERN VALLEY RD,40219,27,635,SCHOOLS,ACTIVE,98,2023/02/03 00:00:00,95,2022/10/12 00:00:00,100,2022/02/24 00:00:00,244
35363,GUTERMUTH ELEMENTARY SCHOOL,1500 SANDERS LANE,40216,23,635,SCHOOLS,ACTIVE,100,2023/02/28 00:00:00,100,2022/11/14 00:00:00,96,2022/11/14 00:00:00,245
35364,SMYRNA ELEMENTARY SCHOOL,6401 OUTER LOOP,40228,27,635,SCHOOLS,ACTIVE,100,2023/04/21 00:00:00,100,2022/09/22 00:00:00,100,2022/04/20 00:00:00,246
35365,THOMAS JEFFERSON MIDDLE SCHOOL,1501 RANGELAND RD,40219,27,635,SCHOOLS,ACTIVE,93,2023/04/28 00:00:00,85,2022/12/05 00:00:00,96,2022/02/18 00:00:00,247
35367,JEFFERSONTOWN HIGH SCHOOL,9600 OLD SIX MILE LANE,40299,22,635,SCHOOLS,ACTIVE,98,2023/02/22 00:00:00,98,2022/11/10 00:00:00,94,2022/02/07 00:00:00,248
35368,JOHNSONTOWN RD ELEMENTARY SCHOOL,7201 JOHNSONTOWN RD,40272,23,635,SCHOOLS,ACTIVE,96,2023/02/17 00:00:00,100,2022/11/10 00:00:00,96,2022/04/11 00:00:00,249
35371,OLMSTED ACADEMY-SOUTH,5650 SOUTHERN PKWY,40214,28,635,SCHOOLS,ACTIVE,100,2023/02/06 00:00:00,100,2022/10/26 00:00:00,92,2022/03/24 00:00:00,250
35372,WALDEN SCHOOL,4238 WESTPORT RD,40207,29,635,SCHOOLS,ACTIVE,100,2023/03/21 00:00:00,100,2022/11/18 00:00:00,97,2022/05/10 00:00:00,251
35373,STONESTREET ELEMENTARY SCHOOL,10007 STONESTREET RD,40272,23,635,SCHOOLS,ACTIVE,100,2023/03/09 00:00:00,100,2023/03/09 00:00:00,100,2022/11/14 00:00:00,252
35375,J. STUART MIDDLE SCHOOL,4601 VALLEY STATION RD,40272,23,635,SCHOOLS,ACTIVE,98,2023/05/03 00:00:00,96,2022/11/22 00:00:00,98,2022/04/12 00:00:00,253
35376,FL OLMSTEAD ACADEMY NORTH,4530 BELLEVUE AVE,40215,28,635,SCHOOLS,ACTIVE,100,2023/02/22 00:00:00,94,2022/10/24 00:00:00,92,2022/02/28 00:00:00,254
35378,BROWN SCHOOL,546 S. 1ST ST,40202,24,635,SCHOOLS,ACTIVE,94,2023/02/13 00:00:00,92,2022/09/26 00:00:00,96,2022/02/10 00:00:00,255
63565,COMFORT INN & SUITES,2912 CRITTENDEN DR,40209,23,620,HOTEL / MOTEL,ACTIVE,90,2023/02/21 00:00:00,87,2022/02/25 00:00:00,91,2021/02/18 00:00:00,256
98990,FAIRFIELD INN AND SUITES,1220 KENTUCKY MILLS DR,40299,22,620,HOTEL / MOTEL,ACTIVE,71,2022/12/05 00:00:00,86,2021/12/06 00:00:00,94,2020/09/23 00:00:00,257
105640,DERBY LANE MOBILE HOME COMMUNITY,2714 S 7TH ST RD,40215,23,625,MOBILE HOME / REC. VEHICLE PARK,ACTIVE,82,2019/10/10 00:00:00,72,2018/10/11 00:00:00,0,,258
35396,CHURCHILL PARK SCHOOL,435 BOXLEY AVE,40209,28,635,SCHOOLS,ACTIVE,100,2023/01/25 00:00:00,100,2022/09/28 00:00:00,100,2022/02/16 00:00:00,259
35489,DESALES HIGH SCHOOL,425 W. KENWOOD DR,40214,28,635,SCHOOLS,ACTIVE,100,2023/03/13 00:00:00,100,2022/11/09 00:00:00,98,2022/04/19 00:00:00,260
63706,INTOWN SUITES HURSTBOURNE,4604 WATTBOURNE LN,40299,22,620,HOTEL / MOTEL,ACTIVE,92,2022/09/08 00:00:00,84,2021/08/20 00:00:00,88,2019/12/13 00:00:00,261
106528,I WOKE UP LIKE THIS BEAUTY BAR,414 BAXTER AVE SUITE 250,40204,24,634,TATTOO STUDIO,ACTIVE,93,2023/02/14 00:00:00,94,2021/05/03 00:00:00,98,2019/11/06 00:00:00,262
64756,HOLIDAY INN EXPRESS,1520 ALLIANT AVE,40299,22,620,HOTEL / MOTEL,ACTIVE,96,2023/04/13 00:00:00,94,2022/04/07 00:00:00,100,2021/03/09 00:00:00,263
35492,M. B. LUHR ELEMENTARY SCHOOL,6900 FEGENBUSH LANE,40228,22,635,SCHOOLS,ACTIVE,100,2023/03/24 00:00:00,100,2022/10/04 00:00:00,93,2022/03/24 00:00:00,264
35397,HAWTHORNE ELEMENTARY SCHOOL,2301 CLARENDON AVE,40205,29,635,SCHOOLS,ACTIVE,94,2023/01/26 00:00:00,100,2022/10/07 00:00:00,100,2022/03/11 00:00:00,265
35498,MARYHURST SCHOOL,1015 DORSEY LANE,40223,25,635,SCHOOLS,ACTIVE,94,2023/04/18 00:00:00,98,2022/10/31 00:00:00,100,2022/02/17 00:00:00,266
99138,DRURY INN,9597 BROWNSBORO RD,40241,21,620,HOTEL / MOTEL,ACTIVE,100,2022/12/02 00:00:00,95,2022/01/05 00:00:00,96,2020/01/15 00:00:00,267
65174,ACADEMY FOR INDIVIDUAL EXCELLENCE,3101 BLUEBIRD LANE,40299,22,635,SCHOOLS,ACTIVE,100,2023/04/19 00:00:00,100,2022/10/13 00:00:00,100,2022/04/18 00:00:00,268
106689,EMMA JUSTINE HAIR LOUNGE AND SPA,11511 MAIN ST,40243,25,634,TATTOO STUDIO,ACTIVE,89,2023/02/15 00:00:00,100,2021/05/04 00:00:00,100,2020/06/10 00:00:00,269
35398,HAZELWOOD ELEMENTARY SCHOOL,1325 BLUEGRASS AVE,40215,28,635,SCHOOLS,ACTIVE,98,2023/02/02 00:00:00,95,2022/09/27 00:00:00,100,2022/02/10 00:00:00,270
35499,VIRGINIA CHANCE SCHOOL,4200 LIME KILN LANE,40222,21,635,SCHOOLS,ACTIVE,94,2023/05/04 00:00:00,100,2022/12/05 00:00:00,96,2022/04/29 00:00:00,271
99486,COMMITTED 2 INK STUDIO,4306 FEGENBUSH LANE,40228,27,644,BODY PIERCING STUDIO,HOLD,0,,0,,0,,272
66403,COUNTRY INN & SUITES,1241 KENTUCKY MILLS DRIVE,40299,22,620,HOTEL / MOTEL,ACTIVE,88,2023/03/08 00:00:00,86,2022/02/16 00:00:00,94,2021/02/02 00:00:00,273
106691,EMBASSY SUITES,501 S 4TH ST,40202,24,620,HOTEL / MOTEL,ACTIVE,94,2022/12/20 00:00:00,96,2021/03/31 00:00:00,94,2020/01/17 00:00:00,274
35399,HAYFIELD MONTESSORI,2000 TYLER LN,40205,29,635,SCHOOLS,ACTIVE,100,2023/02/13 00:00:00,100,2022/09/22 00:00:00,100,2022/01/24 00:00:00,275
35501,WHITEFIELD ACADEMY,7711 FEGENBUSH LANE,40228,22,635,SCHOOLS,ACTIVE,100,2023/03/27 00:00:00,100,2022/10/18 00:00:00,90,2022/03/24 00:00:00,276
99509,MANOR ISLE MOBILE HOME PARK,12301 DIXIE HIGHWAY,40272,22,625,MOBILE HOME / REC. VEHICLE PARK,ACTIVE,86,2022/10/25 00:00:00,86,2021/10/19 00:00:00,72,2020/10/12 00:00:00,277
67443,KENTUCKY SCHOOL FOR THE BLIND,1867 FRANKFORT AVENUE,40206,26,635,SCHOOLS,ACTIVE,96,2023/03/02 00:00:00,100,2022/09/09 00:00:00,100,2022/04/27 00:00:00,278
106730,SURE STAY PLUS HOTEL,4125 PRESTON HWY,40213,27,620,HOTEL / MOTEL,ACTIVE,88,2023/04/05 00:00:00,92,2022/03/16 00:00:00,91,2020/02/28 00:00:00,279
35400,HIGHLAND MIDDLE SCHOOL,1700 NORRIS PL,40205,29,635,SCHOOLS,ACTIVE,96,2023/03/09 00:00:00,92,2022/09/13 00:00:00,98,2022/03/09 00:00:00,280
36712,WESTPORT ECC,8800 WESTPORT ROAD,40242,25,635,SCHOOLS,ACTIVE,100,2023/03/20 00:00:00,98,2022/11/15 00:00:00,94,2022/02/18 00:00:00,281
99510,HOLIDAY INN EXPRESS,1921 BISHOP LN,40218,27,620,HOTEL / MOTEL,ACTIVE,88,2023/03/08 00:00:00,87,2022/03/11 00:00:00,94,2019/11/26 00:00:00,282
68883,CHANCEY ELEMENTARY SCHOOL,4301 MURPHY LANE,40241,25,635,SCHOOLS,ACTIVE,96,2023/03/20 00:00:00,98,2022/11/22 00:00:00,98,2022/03/11 00:00:00,283
107171,FEATHER & BLADE,1200 BARRET AVE,40204,28,634,TATTOO STUDIO,ACTIVE,100,2022/10/26 00:00:00,100,2021/04/08 00:00:00,100,2020/02/06 00:00:00,284
35402,J. HITE ELEMENTARY SCHOOL,12408 SHELBYVILLE RD,40243,25,635,SCHOOLS,ACTIVE,100,2023/04/21 00:00:00,95,2022/09/06 00:00:00,96,2022/02/24 00:00:00,285
36819,SOUTHPARK T.A.P.P.,9110 NATIONAL TRNPK,40118,27,635,SCHOOLS,ACTIVE,100,2023/04/27 00:00:00,100,2022/12/05 00:00:00,95,2022/03/31 00:00:00,286
99629,HOME 2 SUITES,1150 FOREST BRIDGE RD,40223,25,620,HOTEL / MOTEL,ACTIVE,81,2022/11/30 00:00:00,88,2022/01/04 00:00:00,86,2020/01/30 00:00:00,287
107352,THE BROW BABE,1448 GARDINER LANE SUITE 103,40213,27,634,TATTOO STUDIO,ACTIVE,98,2023/02/15 00:00:00,100,2021/04/30 00:00:00,98,2019/05/13 00:00:00,288
70463,SPRINGHILL SUITES,10101 FOREST GREEN BLVD,40223,25,620,HOTEL / MOTEL,ACTIVE,83,2022/12/21 00:00:00,88,2021/12/23 00:00:00,82,2019/02/27 00:00:00,289
99630,HAMPTON INN,1150 FOREST BRIDGE RD,40223,25,620,HOTEL / MOTEL,ACTIVE,83,2022/11/30 00:00:00,88,2022/01/04 00:00:00,86,2020/01/30 00:00:00,290
35404,SACRED HEART ACADEMY,3175 LEXINGTON RD,40206,26,635,SCHOOLS,ACTIVE,92,2023/01/26 00:00:00,91,2022/09/07 00:00:00,98,2022/01/27 00:00:00,291
36878,HENRY B. SCHAFFNER ELEMENTARY SCHOOL,2701 CRUMS LANE,40216,23,635,SCHOOLS,ACTIVE,100,2023/02/16 00:00:00,100,2022/11/09 00:00:00,96,2022/02/16 00:00:00,292
99831,A PERMANENT SOLUTION: PERMANENT COS. BY THERESA,1850 SOUTH HURSTBOURNE PKWY,40220,29,634,TATTOO STUDIO,ACTIVE,100,2023/04/26 00:00:00,98,2022/05/19 00:00:00,100,2019/12/23 00:00:00,293
35405,GARLAND COCHRANE ELEMENTARY SCHOOL,2511 TREGARON,40299,22,635,SCHOOLS,ACTIVE,98,2023/03/22 00:00:00,100,2022/09/19 00:00:00,95,2022/02/22 00:00:00,294
107778,BEST WESTERN PREMIER,4110 DIXIE HWY,40216,23,620,HOTEL / MOTEL,ACTIVE,98,2023/02/21 00:00:00,80,2022/03/18 00:00:00,95,2021/02/08 00:00:00,295
70848,NATIVITY ACADEMY,529 EAST LIBERTY STREET,40202,26,635,SCHOOLS,ACTIVE,92,2023/02/03 00:00:00,94,2022/09/16 00:00:00,100,2022/02/02 00:00:00,296
41062,COURTYARD MARRIOTT,9608 BLAIRWOOD ROAD,40222,29,620,HOTEL / MOTEL,ACTIVE,88,2022/12/07 00:00:00,96,2021/12/16 00:00:00,98,2019/12/19 00:00:00,297
99867,CARDINAL MANUFACTURED HOME COMMUNITY,7803 ST ANDREWS CHURCH RD,40214,25,625,MOBILE HOME / REC. VEHICLE PARK,ACTIVE,66,2022/11/02 00:00:00,84,2021/11/04 00:00:00,78,2020/10/21 00:00:00,298
35406,S. COLERIDGE TAYLOR ELEMENTARY SCHOOL,1115 W. CHESTNUT ST,40203,24,635,SCHOOLS,ACTIVE,100,2023/03/21 00:00:00,100,2022/09/16 00:00:00,96,2022/03/08 00:00:00,299
108108,EVERYTHING FOR YOUR SKIN,1600 ENVOY CIR STE 1616,40299,29,634,TATTOO STUDIO,ACTIVE,100,2023/05/26 00:00:00,100,2023/01/20 00:00:00,94,2022/02/17 00:00:00,300
70855,RESIDENCE INN,3500 SPRINGHURST COMMONS DR,40241,21,620,HOTEL / MOTEL,ACTIVE,90,2022/12/02 00:00:00,90,2022/01/05 00:00:00,78,2020/01/03 00:00:00,301
43619,PRESENTATION ACADEMY,861 SOUTH 4TH STREET,40203,24,635,SCHOOLS,ACTIVE,100,2023/05/10 00:00:00,100,2022/10/14 00:00:00,100,2022/03/17 00:00:00,302
99954,TRUTH'S TATTOOS,3510 TAYLOR BLVD,40215,28,644,BODY PIERCING STUDIO,ACTIVE,89,2022/11/23 00:00:00,96,2020/10/23 00:00:00,81,2019/05/30 00:00:00,303
35407,SACRED HEART MODEL SCHOOL,3107 LEXINGTON RD,40206,26,635,SCHOOLS,ACTIVE,92,2023/02/01 00:00:00,94,2022/09/07 00:00:00,100,2022/01/27 00:00:00,304
108351,GOOD KARMA TATTOO,1860 MELLWOOD AVE SUITE 215,40206,26,634,TATTOO STUDIO,ACTIVE,93,2023/03/31 00:00:00,97,2022/11/15 00:00:00,97,2022/05/11 00:00:00,305
70857,HAMPTON INN,4100 HAMPTON LAKE WAY,40241,21,620,HOTEL / MOTEL,ACTIVE,89,2022/12/01 00:00:00,94,2021/12/30 00:00:00,90,2020/01/13 00:00:00,306
43626,JACOB ELEMENTARY SCHOOL,3701 E. WHEATMORE AVENUE,40215,28,635,SCHOOLS,ACTIVE,100,2023/02/06 00:00:00,100,2022/10/21 00:00:00,100,2022/03/08 00:00:00,307
100479,NORTON COMMONS ELEMENTARY,10941 KINGS CROWN DR,40059,21,635,SCHOOLS,ACTIVE,100,2023/01/23 00:00:00,98,2022/11/16 00:00:00,93,2022/02/18 00:00:00,308
35408,A.CONWAY MIDDLE SCHOOL,6300 TERRY RD,40258,23,635,SCHOOLS,ACTIVE,94,2023/02/09 00:00:00,90,2022/10/07 00:00:00,92,2022/05/03 00:00:00,309
109209,PREMIER BEAUTY,414 BAXTER AVE #220,40204,24,634,TATTOO STUDIO,ACTIVE,96,2023/05/25 00:00:00,93,2023/05/19 00:00:00,95,2022/02/16 00:00:00,310
71037,ISAAC SHELBY ELEMENTARY SCHOOL,735 ZIEGLER AVENUE,40217,28,635,SCHOOLS,ACTIVE,100,2023/01/23 00:00:00,95,2022/09/16 00:00:00,100,2022/02/14 00:00:00,311
43627,COCHRAN ELEMENTARY SCHOOL,500 WEST GAULBERT STREET,40208,24,635,SCHOOLS,ACTIVE,100,2023/02/03 00:00:00,100,2022/10/06 00:00:00,94,2022/01/11 00:00:00,312
35409,ST. AGNES SCHOOL,1800 NEWBURG RD,40205,29,635,SCHOOLS,ACTIVE,100,2023/02/09 00:00:00,95,2022/09/13 00:00:00,100,2022/03/10 00:00:00,313
100793,LAQUINTA INN & SUITES,1501 ALLIANT AVENUE,40299,22,620,HOTEL / MOTEL,ACTIVE,94,2023/04/24 00:00:00,96,2022/04/07 00:00:00,94,2021/03/15 00:00:00,314
43934,OUR SAVIOR LUTHERAN SCHOOL,8307 NOTTINGHAM PARKWAY,40222,25,635,SCHOOLS,ACTIVE,92,2023/04/18 00:00:00,98,2022/10/24 00:00:00,95,2022/02/25 00:00:00,315
72344,HILTON GARDEN INN AIRPORT,2735 CRITTENDEN DR,40209,23,620,HOTEL / MOTEL,ACTIVE,94,2022/11/08 00:00:00,92,2021/11/29 00:00:00,92,2019/12/23 00:00:00,316
109374,J C NAILS & SPA,4155 SHELBYVILLE RD,40207,21,634,TATTOO STUDIO,ACTIVE,90,2021/03/29 00:00:00,100,2019/11/25 00:00:00,100,2019/10/01 00:00:00,317
44087,GOLDSMITH ELEMENTARY SCHOOL,3520 GOLDSMITH LANE,40220,29,635,SCHOOLS,ACTIVE,96,2023/02/09 00:00:00,98,2022/09/27 00:00:00,100,2022/04/15 00:00:00,318
72345,FOUR POINTS BY SHERATON,2850 CRITTENDEN DR,40209,23,620,HOTEL / MOTEL,ACTIVE,95,2023/04/04 00:00:00,92,2022/04/18 00:00:00,88,2021/02/22 00:00:00,319
101254,CLARKE'S MOTEL,4700 DIXIE HWY,40216,23,620,HOTEL / MOTEL,ACTIVE,96,2023/04/05 00:00:00,96,2022/04/14 00:00:00,87,2021/03/10 00:00:00,320
35410,CORAL RIDGE ELEMENTARY SCHOOL,10608 NATIONAL TURNPIKE,40118,27,635,SCHOOLS,ACTIVE,100,2023/04/19 00:00:00,98,2022/10/12 00:00:00,89,2022/03/22 00:00:00,321
109544,HOTEL DISTIL,101 W MAIN ST,40202,24,620,HOTEL / MOTEL,ACTIVE,98,2023/05/30 00:00:00,92,2022/04/05 00:00:00,100,2021/02/24 00:00:00,322
44088,J. B. ATKINSON SCHOOL,2800 ALFORD AVENUE,40212,24,635,SCHOOLS,ACTIVE,100,2023/03/08 00:00:00,100,2022/11/15 00:00:00,100,2022/02/14 00:00:00,323
72656,COURTYARD BY MARRIOTT,10200 CHAMPION FARMS DR,40241,21,620,HOTEL / MOTEL,ACTIVE,94,2022/12/01 00:00:00,88,2021/12/30 00:00:00,90,2020/01/08 00:00:00,324
101381,LOUISVILLE MARRIOTT EAST,1903 EMBASSY SQUARE BLVD,40245,29,620,HOTEL / MOTEL,ACTIVE,90,2022/11/11 00:00:00,86,2021/09/09 00:00:00,92,2019/12/20 00:00:00,325
35411,CROSBY MIDDLE SCHOOL,303 GATEHOUSE LANE,40243,25,635,SCHOOLS,ACTIVE,100,2023/04/20 00:00:00,92,2022/09/12 00:00:00,92,2022/02/02 00:00:00,326
109813,ALL ABOUT BEAUTY,157 CHENOWETH LANE,40207,26,634,TATTOO STUDIO,ACTIVE,96,2022/03/17 00:00:00,97,2020/01/15 00:00:00,0,,327
45405,LOUISVILLE MALE HIGH SCHOOL,4409 PRESTON HIGHWAY,40213,27,635,SCHOOLS,ACTIVE,93,2023/04/11 00:00:00,100,2022/10/19 00:00:00,100,2022/02/21 00:00:00,328
73130,CLAIRE'S #6956,4053 SUMMIT PLAZA DR,40241,21,643,EAR PIERCING STUDIO,ACTIVE,100,2023/01/05 00:00:00,100,2021/12/09 00:00:00,100,2018/12/14 00:00:00,329
101494,ACME TATTOO CO,2007 BONNYCASTLE AVE,40205,28,634,TATTOO STUDIO,ACTIVE,88,2023/01/25 00:00:00,95,2022/09/16 00:00:00,97,2022/04/05 00:00:00,330
35412,ST ALBERT THE GREAT,1395 GIRARD DRIVE,40222,21,635,SCHOOLS,ACTIVE,92,2023/05/04 00:00:00,95,2022/11/18 00:00:00,100,2022/05/23 00:00:00,331
109833,INK AND DAGGER TATTOO CO,2239 BARDSTOWN RD,40205,27,634,TATTOO STUDIO,ACTIVE,97,2023/01/04 00:00:00,94,2021/01/20 00:00:00,100,2020/06/11 00:00:00,332
46165,MEREDITH-DUNN SCHOOL,3023 MELBOURNE AVENUE,40220,29,635,SCHOOLS,ACTIVE,100,2023/02/27 00:00:00,98,2022/09/26 00:00:00,100,2022/04/21 00:00:00,333
73136,CLAIRE'S #5244,4801 OUTER LOOP SPACE #B-316,40219,27,643,EAR PIERCING STUDIO,ACTIVE,100,2023/02/27 00:00:00,100,2021/12/09 00:00:00,100,2018/11/15 00:00:00,334
101537,SUPER 8,101 CENTRAL AVE,40209,23,620,HOTEL / MOTEL,ACTIVE,94,2023/04/04 00:00:00,92,2022/04/05 00:00:00,92,2021/03/12 00:00:00,335
35413,CRUMS LANE ELEMENTARY SCHOOL,3212 S. CRUMS LANE,40216,23,635,SCHOOLS,ACTIVE,100,2023/02/09 00:00:00,98,2022/10/06 00:00:00,100,2022/02/07 00:00:00,336
109871,ASGARD OF LOUISVILLE,9100 DIXIE HWY,40258,23,634,TATTOO STUDIO,ACTIVE,100,2023/05/26 00:00:00,96,2022/03/08 00:00:00,70,2019/12/10 00:00:00,337
47802,BRANDEIS ELEMENTARY SCHOOL,2817 WEST KENTUCKY STREET,40211,24,635,SCHOOLS,ACTIVE,100,2023/04/13 00:00:00,100,2022/11/02 00:00:00,100,2022/02/10 00:00:00,338
101569,ALOFT LOUISVILLE EAST,10700 WESTPORT RD,40241,21,620,HOTEL / MOTEL,ACTIVE,92,2023/03/15 00:00:00,88,2022/03/21 00:00:00,88,2021/01/14 00:00:00,339
35415,KAMMERER MIDDLE SCHOOL,7401 WESBORO RD,40222,21,635,SCHOOLS,ACTIVE,92,2023/04/10 00:00:00,96,2022/11/21 00:00:00,94,2022/03/11 00:00:00,340
73137,CLAIRE'S #5991,5000 SHELBYVILLE RD   #BOX 1240,40207,25,643,EAR PIERCING STUDIO,ACTIVE,100,2023/01/27 00:00:00,100,2021/12/13 00:00:00,100,2019/06/04 00:00:00,341
109915,CANDLEWOOD DOWNTOWN,1039 ZORN AVE,40207,28,620,HOTEL / MOTEL,ACTIVE,96,2022/10/27 00:00:00,96,2021/10/26 00:00:00,92,2020/02/10 00:00:00,342
49603,TATTOO CHARLIE'S,7904 PRESTON HWY,40219,27,634,TATTOO STUDIO,ACTIVE,100,2023/04/28 00:00:00,97,2022/12/22 00:00:00,100,2021/10/14 00:00:00,343
73430,PIERCING PAGODA #660,4801 OUTER LOOP K-3,40219,27,643,EAR PIERCING STUDIO,ACTIVE,100,2023/05/03 00:00:00,100,2021/12/09 00:00:00,100,2018/11/19 00:00:00,344
35416,J. F. KENNEDY SCHOOL,3800 GIBSON LANE,40212,24,635,SCHOOLS,ACTIVE,100,2023/04/21 00:00:00,100,2022/10/19 00:00:00,100,2022/05/02 00:00:00,345
101688,THE BOOTH TATTOOS,3950 DIXIE HWY SUITE 104,40216,23,634,TATTOO STUDIO,ACTIVE,100,2023/04/27 00:00:00,100,2022/12/21 00:00:00,100,2022/02/16 00:00:00,346
109977,KENTUCKY TATTOO,7316 PRESTON HWY,40219,27,634,TATTOO STUDIO,ACTIVE,97,2023/02/17 00:00:00,97,2021/10/13 00:00:00,100,2020/06/08 00:00:00,347
49992,ST. PATRICK SCHOOL CHURCH,1000 N BECKLEY STATION RD,40245,25,635,SCHOOLS,ACTIVE,100,2023/04/21 00:00:00,96,2022/09/20 00:00:00,98,2022/02/17 00:00:00,348
73462,TATTOO CHARLIE'S,7904 PRESTON HWY,40219,27,644,BODY PIERCING STUDIO,ACTIVE,100,2023/04/28 00:00:00,100,2022/12/22 00:00:00,100,2021/10/14 00:00:00,349
35417,ST. ATHANASIUS SCHOOL,5915 OUTER LOOP,40219,27,635,SCHOOLS,ACTIVE,98,2023/04/21 00:00:00,100,2022/10/03 00:00:00,100,2022/03/29 00:00:00,350
101826,QUALITY INN,1301 KENTUCKY MILLS DR,40299,22,620,HOTEL / MOTEL,ACTIVE,92,2023/04/07 00:00:00,92,2022/03/11 00:00:00,92,2021/02/19 00:00:00,351
109978,KENTUCKY TATTOO,7316 PRESTON WHY,40219,27,644,BODY PIERCING STUDIO,ACTIVE,87,2023/02/17 00:00:00,93,2021/10/13 00:00:00,100,2020/06/08 00:00:00,352
52330,YOUTH PERFORMING ARTS,1517 S. 2ND STREET,40208,28,635,SCHOOLS,ACTIVE,100,2023/02/24 00:00:00,100,2022/09/15 00:00:00,100,2022/01/27 00:00:00,353
73639,MARRIOTT LOUISVILLE DOWNTOWN,280 W JEFFERSON ST,40202,24,620,HOTEL / MOTEL,ACTIVE,96,2022/12/20 00:00:00,100,2021/04/06 00:00:00,88,2019/12/20 00:00:00,354
35421,KENWOOD ELEMENTARY SCHOOL,7420 JUSTAN AVENUE,40214,28,635,SCHOOLS,ACTIVE,96,2023/01/27 00:00:00,100,2022/11/03 00:00:00,100,2022/03/15 00:00:00,355
102155,J MICHAEL'S SPA & SALON,4121 SHELBYVILLE RD #1,40207,21,634,TATTOO STUDIO,ACTIVE,100,2021/04/06 00:00:00,98,2019/03/06 00:00:00,98,2018/12/20 00:00:00,356
110048,MOTEL 6,6121 AIRPORT HOTELS BLVD,40213,27,620,HOTEL / MOTEL,ACTIVE,68,2023/04/05 00:00:00,90,2022/01/18 00:00:00,90,2021/03/04 00:00:00,357
52337,MARY GRACE JAEGER EDUCATION CENTER,502 WOOD ROAD,40222,25,635,SCHOOLS,ACTIVE,98,2023/04/18 00:00:00,100,2022/10/14 00:00:00,100,2022/02/14 00:00:00,358
75024,EXTENDED STAY AMERICA #325,6101 DUTCHMANS LN,40205,26,620,HOTEL / MOTEL,ACTIVE,90,2023/01/06 00:00:00,94,2021/11/12 00:00:00,96,2019/03/14 00:00:00,359
35422,KERRICK ELEMENTARY SCHOOL,2212 UPPERS HUNTERS TRACE,40216,23,635,SCHOOLS,ACTIVE,98,2023/03/10 00:00:00,100,2023/03/10 00:00:00,96,2022/11/17 00:00:00,360
110442,GREEN ACRES MOBILE HOME PARK,5616 GREEN ACRES DR,40258,28,625,MOBILE HOME / REC. VEHICLE PARK,ACTIVE,82,2022/11/08 00:00:00,88,2021/10/21 00:00:00,86,2020/11/12 00:00:00,361
52939,LANDMARK CHRISTIAN ACADEMY,6502 JOHNSONTOWN ROAD,40272,23,635,SCHOOLS,ACTIVE,100,2023/02/17 00:00:00,100,2022/11/10 00:00:00,100,2022/04/11 00:00:00,362
75215,HOWARD JOHNSON,709 PHILLIPS LN,40209,28,620,HOTEL / MOTEL,ACTIVE,79,2022/12/22 00:00:00,90,2021/12/22 00:00:00,88,2021/02/23 00:00:00,363
35423,ST. BERNARD SCHOOL,7501 TANGELO DR,40228,22,635,SCHOOLS,ACTIVE,100,2023/03/27 00:00:00,100,2022/10/03 00:00:00,100,2022/03/24 00:00:00,364
35424,KLONDIKE LANE ELEMENTARY SCHOOL,3807 KLONDIKE LANE,40220,22,635,SCHOOLS,ACTIVE,100,2023/04/17 00:00:00,100,2022/09/19 00:00:00,100,2022/04/15 00:00:00,365
35426,MARTIN LUTHER KING SCHOOL,4325 VERMONT AVE,40212,24,635,SCHOOLS,ACTIVE,100,2023/04/19 00:00:00,96,2022/10/19 00:00:00,92,2022/04/29 00:00:00,366
35428,T.T. KNIGHT MIDDLE SCHOOL,9803 BLUE LICK RD,40229,27,635,SCHOOLS,ACTIVE,98,2023/04/10 00:00:00,98,2023/04/10 00:00:00,100,2022/08/31 00:00:00,367
35430,O M LASSISTER MIDDLE SCHOOL,8200 CANDLEWORTH,40214,28,635,SCHOOLS,ACTIVE,98,2023/03/13 00:00:00,100,2022/11/09 00:00:00,89,2022/04/19 00:00:00,368
35431,ST. EDWARD'S SCHOOL,9610 SUE HELEN DR,40299,22,635,SCHOOLS,ACTIVE,100,2023/03/14 00:00:00,100,2022/09/19 00:00:00,100,2022/02/07 00:00:00,369
35432,LAUKHUF ELEMENTARY SCHOOL,5100 CAPEWOOD,40229,27,635,SCHOOLS,ACTIVE,95,2023/03/10 00:00:00,100,2022/08/31 00:00:00,100,2022/03/28 00:00:00,370
35433,LAYNE ELEMENTARY SCHOOL,9831 EAST AVE,40272,23,635,SCHOOLS,ACTIVE,100,2023/03/29 00:00:00,100,2022/11/21 00:00:00,100,2022/03/08 00:00:00,371
35435,LINCOLN ELEMENTARY PERFORMING ARTS SCHOOL,930 E. MAIN ST,40206,26,635,SCHOOLS,ACTIVE,81,2023/02/22 00:00:00,94,2022/09/16 00:00:00,98,2022/02/01 00:00:00,372
35436,ST. FRANCIS OF ASSISI,1938 ALFRESCO PL,40205,29,635,SCHOOLS,ACTIVE,100,2023/02/13 00:00:00,95,2022/09/09 00:00:00,100,2022/01/26 00:00:00,373
35437,FRANCIS PARKER SCHOOL OF LOUISVILLE,233 W. BROADWAY,40202,24,635,SCHOOLS,ACTIVE,96,2023/02/22 00:00:00,100,2022/09/15 00:00:00,100,2022/01/31 00:00:00,374
35438,LOUISVILLE COLLEGIATE SCHOOL,2427 GLENMARY AVE,40204,26,635,SCHOOLS,ACTIVE,90,2023/03/01 00:00:00,92,2022/09/15 00:00:00,95,2022/01/31 00:00:00,375
35439,ST. GABRIEL SCHOOL,5503 BARDSTOWN ROAD,40291,22,635,SCHOOLS,ACTIVE,100,2023/02/24 00:00:00,100,2022/10/13 00:00:00,100,2022/02/10 00:00:00,376
35440,LOWE ELEMENTARY SCHOOL,210 OXFORDSHIRE PLACE,40222,25,635,SCHOOLS,ACTIVE,88,2023/02/23 00:00:00,96,2022/09/06 00:00:00,98,2022/02/14 00:00:00,377
35443,ST JAMES SCHOOL,1818 EDENSIDE,40204,26,635,SCHOOLS,ACTIVE,94,2023/03/07 00:00:00,96,2022/09/09 00:00:00,100,2022/05/19 00:00:00,378
35448,NOTRE DAME ACADEMY,1925 LEWISTON DR,40216,23,635,SCHOOLS,ACTIVE,95,2023/03/21 00:00:00,100,2022/11/11 00:00:00,82,2022/03/22 00:00:00,379
35451,ST. MARTHA SCHOOL,2825 KLONDIKE LN,40218,22,635,SCHOOLS,ACTIVE,100,2023/03/27 00:00:00,100,2022/09/26 00:00:00,100,2022/03/21 00:00:00,380
110462,PREMIER PIERCINGS AND TATTOOING,2928 S 4TH ST,40208,28,634,TATTOO STUDIO,ACTIVE,97,2022/10/25 00:00:00,93,2021/10/07 00:00:00,98,2020/05/05 00:00:00,381
54540,HAMPTON INN,800 PHILLIPS LN,40209,28,620,HOTEL / MOTEL,ACTIVE,95,2023/01/26 00:00:00,94,2022/04/01 00:00:00,94,2021/02/24 00:00:00,382
75380,HAMPTON INN & SUITES LOUISVILLE EAST,1451 ALLIANT AVE,40299,22,620,HOTEL / MOTEL,ACTIVE,96,2023/04/03 00:00:00,92,2022/03/10 00:00:00,96,2021/01/27 00:00:00,383
56071,INTOWN SUITES PRESTON HWY,7121 PRESTON HIGHWAY,40219,27,620,HOTEL / MOTEL,ACTIVE,100,2023/05/01 00:00:00,94,2021/12/15 00:00:00,92,2019/12/30 00:00:00,384
75541,HOLY ANGELS ACADEMY,12201 OLD HENRY ROAD,40223,25,635,SCHOOLS,ACTIVE,100,2023/04/20 00:00:00,93,2022/09/20 00:00:00,100,2022/02/18 00:00:00,385
56471,MICROTEL INN,1221 KENTUCKY MILLS LN,40299,22,620,HOTEL / MOTEL,ACTIVE,90,2023/03/16 00:00:00,83,2022/03/11 00:00:00,91,2021/02/19 00:00:00,386
75577,ISLAMIC SCHOOL OF LOUISVILLE,8215 OLD WESTPORT ROAD,40222,25,635,SCHOOLS,ACTIVE,100,2023/03/21 00:00:00,100,2022/11/29 00:00:00,98,2022/05/10 00:00:00,387
75650,HOMEWOOD SUITES,9401 HURSTBOURNE TRACE,40222,25,620,HOTEL / MOTEL,ACTIVE,92,2022/12/19 00:00:00,92,2021/11/18 00:00:00,94,2019/02/06 00:00:00,388
75780,21C MUSEUM HOTEL,700 W. MAIN ST,40202,24,620,HOTEL / MOTEL,ACTIVE,100,2023/01/20 00:00:00,96,2022/01/25 00:00:00,100,2021/02/08 00:00:00,389
56907,KENNEDY ELEMENTARY SCHOOL,4515 TAYLORSVILLE RD,40220,29,635,SCHOOLS,ACTIVE,100,2023/02/01 00:00:00,96,2022/09/07 00:00:00,100,2022/02/22 00:00:00,390
75858,RESIDENCE INN LOUISVILLE DWNTN,333 E. MARKET ST,40202,26,620,HOTEL / MOTEL,ACTIVE,96,2022/12/22 00:00:00,96,2021/12/09 00:00:00,92,2019/12/30 00:00:00,391
59262,INTOWN SUITES LOUISVILLE SO.,6623 PRESTON HIGHWAY,40219,27,620,HOTEL / MOTEL,ACTIVE,100,2023/05/01 00:00:00,92,2021/12/15 00:00:00,86,2019/11/21 00:00:00,392
77273,CHRISTIAN ACADEMY OF LOUISVILLE SW,8307 ST ANDREWS CHURCH RD,40258,23,635,SCHOOLS,ACTIVE,100,2023/05/03 00:00:00,95,2022/11/22 00:00:00,100,2022/04/12 00:00:00,393
77274,USPIRITUS,2125 GOLDSMITH LANE,40218,29,635,SCHOOLS,ACTIVE,95,2023/02/22 00:00:00,100,2022/09/12 00:00:00,98,2022/03/31 00:00:00,394
77738,HIGHLANDS LATIN SCHOOL,2800 FRANKFORT AVE,40206,26,635,SCHOOLS,ACTIVE,98,2023/03/09 00:00:00,94,2022/09/09 00:00:00,96,2022/04/27 00:00:00,395
77774,ST JAMES ACADEMY,4049 S. 5TH STREET,40214,28,635,SCHOOLS,ACTIVE,100,2023/03/14 00:00:00,91,2022/11/03 00:00:00,96,2022/03/22 00:00:00,396
78776,JAMES E. FARMER ELEMENTARY SCHOOL,6405 GELHAUS LANE,40299,22,635,SCHOOLS,ACTIVE,100,2023/02/17 00:00:00,98,2022/09/08 00:00:00,100,2022/02/11 00:00:00,397
78777,JOSEPH STOPHER ELEMENTARY SCHOOL,14417 AIKEN ROAD,40245,25,635,SCHOOLS,ACTIVE,100,2023/05/04 00:00:00,96,2022/11/22 00:00:00,100,2022/03/17 00:00:00,398
78976,ECONO LODGE,6109 PRESTON HWY,40219,27,620,HOTEL / MOTEL,ACTIVE,88,2022/10/19 00:00:00,87,2021/12/13 00:00:00,96,2020/05/27 00:00:00,399
79117,INTOWN SUITES EXTENDED STAY,11405 WESTPORT ROAD,40241,25,620,HOTEL / MOTEL,ACTIVE,81,2022/03/09 00:00:00,86,2021/03/29 00:00:00,82,2020/01/13 00:00:00,400
114770,FAMILY TRADITION TATTOO AND PIERCING STUDIO,10502 DIXIE HWY,40272,23,644,BODY PIERCING STUDIO,ACTIVE,100,2023/01/05 00:00:00,94,2022/03/21 00:00:00,0,,401
114772,TATTOO SALVATION,632 E MARKET ST,40202,24,634,TATTOO STUDIO,ACTIVE,100,2022/09/30 00:00:00,97,2022/03/22 00:00:00,0,,402
114873,HOLIDAY INN EXPRESS,3711 CHAMBERLAIN LANE,40241,21,620,HOTEL / MOTEL,ACTIVE,92,2022/11/29 00:00:00,0,,0,,403
115034,RED ROOF INN LOUISVILLE EAST,9330 BLAIRWOOD RD,40222,29,620,HOTEL / MOTEL,ACTIVE,92,2022/11/11 00:00:00,0,,0,,404
115171,HOMEWOOD SUITES,130 CENTRAL AVE,40209,28,620,HOTEL / MOTEL,ACTIVE,96,2023/01/30 00:00:00,71,2022/04/28 00:00:00,0,,405
115587,DEKALASH WESTPORT VILLAGE,1321 HERR LANE SUITE 155,40222,29,634,TATTOO STUDIO,ACTIVE,91,2023/05/25 00:00:00,92,2022/06/06 00:00:00,0,,406
115823,TRANSFORMASON'S BARBER STUDIO,5000 SHELBYVILE RD #1110,40207,25,634,TATTOO STUDIO,ACTIVE,92,2023/05/01 00:00:00,100,2022/08/02 00:00:00,83,2022/06/21 00:00:00,407
116104,SUMMERS AESTHETICS,701 EXECUTIVE PARK,40207,26,634,TATTOO STUDIO,ACTIVE,100,2023/01/25 00:00:00,94,2022/08/01 00:00:00,0,,408
116105,BEAUTY BY ABBY,4101 TAYLORSVILLE RD SUITE 113,40220,29,634,TATTOO STUDIO,ACTIVE,100,2023/05/01 00:00:00,97,2022/08/02 00:00:00,0,,409
116106,INDIAN TRAIL ELEMENTARY SCHOOL,3709 INDIAN TRAIL,40213,28,635,SCHOOLS,ACTIVE,98,2023/01/23 00:00:00,98,2022/09/14 00:00:00,96,2022/08/02 00:00:00,410
116121,W.E.B. DUBOIS HIGH SCHOOL,3901 ATKINSON SQUARE DR,40218,28,635,SCHOOLS,ACTIVE,98,2023/02/27 00:00:00,100,2022/09/20 00:00:00,96,2022/08/03 00:00:00,411
116186,WILKERSON ELEMENTARY SCHOOL,5601 JOHNSONTOWN RD,40272,23,635,SCHOOLS,ACTIVE,98,2023/01/24 00:00:00,94,2022/09/27 00:00:00,94,2022/08/08 00:00:00,412
116306,LEMONY SECRETS LLC,414 BAXTER AVE SUITE #240,40204,28,634,TATTOO STUDIO,ACTIVE,100,2023/05/04 00:00:00,92,2022/08/22 00:00:00,0,,413
116453,BEAUTY AISLE,3900 SHELBYVILLE RD STE 17B,40207,26,634,TATTOO STUDIO,ACTIVE,100,2023/02/09 00:00:00,97,2022/09/06 00:00:00,0,,414
116492,BEST WESTERN LOUISVILLE EAST,9802 BUNSEN PKWY,40229,29,620,HOTEL / MOTEL,ACTIVE,90,2022/12/09 00:00:00,77,2022/09/01 00:00:00,0,,415
116499,BELLATOX BOUTIQUE,801 BARRET AVE SUITE 214,40204,28,634,TATTOO STUDIO,ACTIVE,97,2022/09/14 00:00:00,0,,0,,416
116541,BEYOND BEAUTY BY WHITNEY LLC,9345 LEESGATE RD,40222,29,634,TATTOO STUDIO,ACTIVE,100,2023/05/25 00:00:00,97,2022/09/15 00:00:00,0,,417
116658,DERBY PARK RV RESORT,2900 7TH STREET RD,40216,24,625,MOBILE HOME / REC. VEHICLE PARK,ACTIVE,94,2022/09/29 00:00:00,0,,0,,418
116801,PLANET BROWS,4101 TAYLORSVILLE RD SUITE 125,40220,29,634,TATTOO STUDIO,ACTIVE,97,2023/03/16 00:00:00,95,2022/10/14 00:00:00,0,,419
116864,ENERGY AND ARTISTRY AESTNETICS LLC,4101 TAYLORSVILLE RD #123,40220,29,634,TATTOO STUDIO,ACTIVE,100,2023/04/28 00:00:00,94,2022/10/20 00:00:00,0,,420
116866,BLUSH & BROW COMPANY,3411 BRECKENRIDGE LANE,40220,29,634,TATTOO STUDIO,ACTIVE,100,2023/05/08 00:00:00,94,2022/10/19 00:00:00,0,,421
116909,ARTHUR STREET HOTEL,1620 ARTHUR STREET,40208,23,620,HOTEL / MOTEL,ACTIVE,71,2022/10/26 00:00:00,0,,0,,422
117012,TINTA ARTS TATTOO,962 BAXTER AVE,40204,28,634,TATTOO STUDIO,ACTIVE,100,2023/03/07 00:00:00,94,2022/11/10 00:00:00,0,,423
117096,SBROWS MICROBLADING,508 BAXTER AVE #2,40204,26,634,TATTOO STUDIO,ACTIVE,92,2023/04/12 00:00:00,87,2022/11/22 00:00:00,0,,424
117097,MYTHOS TATTOOS,101 S PRESTON ST.  SUITE 107,40202,26,634,TATTOO STUDIO,ACTIVE,100,2023/05/08 00:00:00,92,2022/11/21 00:00:00,0,,425
117098,EXTENDED STAY AMERICA,3300 PRESTON HWY,40213,28,620,HOTEL / MOTEL,ACTIVE,96,2022/11/22 00:00:00,0,,0,,426
117100,COMFORT INN SW LOUISVILLE,4444 DIXIE HWY,40216,23,620,HOTEL / MOTEL,ACTIVE,88,2022/11/29 00:00:00,0,,0,,427
117124,QUALITY INN & SUITES,311 E GAULBERT AVE,40208,23,620,HOTEL / MOTEL,ACTIVE,86,2022/11/29 00:00:00,0,,0,,428
117126,EXTENDED STAY AMERICA SELECT SUITES,6310 COMMERCE PARK CT,40118,23,620,HOTEL / MOTEL,ACTIVE,86,2022/12/01 00:00:00,0,,0,,429
117165,BROOKFIELD POINTE,10201 AGUA LANE,40118,28,625,MOBILE HOME / REC. VEHICLE PARK,ACTIVE,94,2022/11/22 00:00:00,0,,0,,430
117170,HILTON GARDEN INN,400 SHERBURN LANE,40207,26,620,HOTEL / MOTEL,ACTIVE,87,2022/10/21 00:00:00,0,,0,,431
117171,HAWTHORN SUITES LOUISVILLE EAST,751 CYPRESS STATION DR,40207,26,620,HOTEL / MOTEL,ACTIVE,88,2022/12/29 00:00:00,0,,0,,432
117207,RIVER OAKS MHP LLC,3416 KRAMERS LANE,40216,29,625,MOBILE HOME / REC. VEHICLE PARK,ACTIVE,96,2022/11/10 00:00:00,0,,0,,433
117281,CLAIRE'S #3352,175 OUTER LOOP SPC 110,40214,27,643,EAR PIERCING STUDIO,ACTIVE,100,2023/01/04 00:00:00,0,,0,,434
117282,HIDDEN FROM YOU,3950 DIXIE HWY STE 103,40216,23,634,TATTOO STUDIO,ACTIVE,98,2023/05/25 00:00:00,94,2022/12/22 00:00:00,0,,435
117777,CHERRY'S BEAUTY ROOM,10311 WATTERSON TRAIL,40299,22,634,TATTOO STUDIO,ACTIVE,100,2023/04/06 00:00:00,100,2023/03/06 00:00:00,0,,436
117803,RETROGRADE TATTOOS,4924 POPLAR LEVEL RD,40219,27,634,TATTOO STUDIO,ACTIVE,94,2023/03/01 00:00:00,0,,0,,437
118052,360 SALON AND SPA,7626 ST ANDREWS CHURCH RD,40214,26,634,TATTOO STUDIO,ACTIVE,92,2023/04/07 00:00:00,0,,0,,438
118150,HOTEL GENEVIEVE,730 E MARKET ST,40202,26,620,HOTEL / MOTEL,ACTIVE,91,2023/05/19 00:00:00,96,2023/04/17 00:00:00,0,,439
118334,COCO SHAMELL BEAUTY,173 SEARS AVE  SUITE 173D,40207,26,634,TATTOO STUDIO,ACTIVE,94,2023/04/20 00:00:00,0,,0,,440
118359,COMFORT SUITES AIRPORT,6535 PARAMOUNT PARK DR,40213,27,620,HOTEL / MOTEL,ACTIVE,88,2023/05/17 00:00:00,78,2023/05/10 00:00:00,0,,441
118386,NEIGHBORS OF CASHMERE LLC,10611 DIXIE HWY,40272,21,625,MOBILE HOME / REC. VEHICLE PARK,ACTIVE,78,2023/04/17 00:00:00,0,,0,,442
118667,YOUR SKIN BEAUTY BAR,9549 TAYLORSVILLE RD,40299,22,634,TATTOO STUDIO,ACTIVE,100,2023/06/26 00:00:00,100,2023/05/15 00:00:00,0,,443
118790,ART & SOUL TATTOO PARLOR,5349 MITSCHER AVE,40214,28,634,TATTOO STUDIO,ACTIVE,90,2023/07/10 00:00:00,93,2023/05/30 00:00:00,0,,444
119065,DERBY CITY GAMING HOTEL,4520 POPLAR LEVEL RD,40213,27,620,HOTEL / MOTEL,ACTIVE,95,2023/06/27 00:00:00,0,,0,,445
119142,DISCO AESTHETICS LLC,12302 SHELBYVILLE RD,40243,22,634,TATTOO STUDIO,ACTIVE,100,2023/07/31 00:00:00,100,2023/06/30 00:00:00,0,,446
119348,JENNA JONES PMU BEAUTY,10311 WATTERSON TRAIL,40299,22,634,TATTOO STUDIO,ACTIVE,0,,0,,0,,447
119376,GOOD KARMA TATTOO,1860 MELLWOOD AVE STE 179,40206,26,634,TATTOO STUDIO,ACTIVE,0,,0,,0,,448
119383,MIRROR MIRROR LOUISVILLE,10514 MEETING ST,40059,21,634,TATTOO STUDIO,ACTIVE,100,2023/07/27 00:00:00,0,,0,,449
119394,THE BROW BOUTIQUE,1503 BARDSTOWN RD,40205,29,634,TATTOO STUDIO,ACTIVE,94,2023/08/01 00:00:00,0,,0,,450
119395,BLADE AND BLOSSOM BY TRACEY,1827 BARDSTOWN RD STE A,40205,29,634,TATTOO STUDIO,ACTIVE,94,2023/06/28 00:00:00,0,,0,,451
119460,DR WILLIAM H PERRY ELEMENTARY,755 DIXIE HWY,40210,24,635,SCHOOLS,ACTIVE,73,2023/08/07 00:00:00,0,,0,,452
110463,CREATIVE AESTHETICS SKIN SPA,9557 US HWY 42 STE A,40059,21,634,TATTOO STUDIO,ACTIVE,98,2022/04/06 00:00:00,94,2020/05/08 00:00:00,0,,453
110538,PREMIER PIERCINGS AND TATTOOING,2928 S 4TH ST,40208,28,644,BODY PIERCING STUDIO,ACTIVE,100,2022/10/25 00:00:00,100,2021/10/07 00:00:00,0,,454
110643,BROTHER RAVEN'S TATTOO & ART EMPORIUM SOUTH,5220 FERN VALLEY RD,40228,27,634,TATTOO STUDIO,ACTIVE,100,2023/02/16 00:00:00,100,2021/09/07 00:00:00,97,2020/06/23 00:00:00,455
110773,THE BRIDGE TATTOO STUDIO,1860 MELLWOOD AVE STUDIO 235,40206,26,634,TATTOO STUDIO,ACTIVE,100,2023/02/02 00:00:00,100,2022/09/27 00:00:00,100,2021/10/13 00:00:00,456
111004,MONTESSORI TORAH ACADEMY,4615 LOWE RD,40220,29,635,SCHOOLS,ACTIVE,95,2023/02/01 00:00:00,100,2022/09/29 00:00:00,100,2022/05/06 00:00:00,457
111206,CALVIN MITCHELL SALON,3642 BROWNSBORO RD SUITE 106,40207,26,634,TATTOO STUDIO,ACTIVE,95,2022/03/30 00:00:00,93,2020/09/09 00:00:00,0,,458
111285,SHIVELY MOBILE HOME PARK,1709 LAMKINS COURT,40216,25,625,MOBILE HOME / REC. VEHICLE PARK,ACTIVE,82,2022/09/21 00:00:00,86,2021/09/10 00:00:00,74,2020/09/14 00:00:00,459
111309,HYATT HOUSE LOUISVILLE EAST,9315 LEESGATE RD,40222,25,620,HOTEL / MOTEL,ACTIVE,94,2023/01/26 00:00:00,85,2022/02/14 00:00:00,96,2020/11/12 00:00:00,460
111350,IMMACULATA CLASSICAL ACADEMY,440 ZORN AVE,40206,26,635,SCHOOLS,ACTIVE,96,2023/02/09 00:00:00,98,2022/09/21 00:00:00,100,2022/05/23 00:00:00,461
111476,HOLY TRINITY CLIFTON SCHOOL,2117 PAYNE ST,40206,26,635,SCHOOLS,ACTIVE,100,2023/01/25 00:00:00,98,2022/09/16 00:00:00,98,2022/05/09 00:00:00,462
111521,TREASURE INK,2707 S 7TH ST,40215,23,634,TATTOO STUDIO,ACTIVE,100,2023/02/23 00:00:00,97,2022/10/03 00:00:00,100,2022/05/04 00:00:00,463
111690,RESIDENCE INN,2510 TERRA CROSSING BLVD,40245,25,620,HOTEL / MOTEL,ACTIVE,89,2023/02/28 00:00:00,100,2022/03/08 00:00:00,100,2021/01/28 00:00:00,464
111716,LA QUINTA DEL-SOL LOUISVILLE EAST,13825 TERRA VIEW TRL,40245,25,620,HOTEL / MOTEL,ACTIVE,80,2023/03/15 00:00:00,96,2022/02/10 00:00:00,94,2020/12/30 00:00:00,465
111749,LOUISVILLE BEAUTY AND WELLNESS,1827 BARDSTOWN RD 2ND FLOOR,40205,28,634,TATTOO STUDIO,ACTIVE,100,2022/10/18 00:00:00,94,2021/01/09 00:00:00,0,,466
111840,POWDER BROWS & MICROBLADING,609 WEST MAIN ST SUITE 200 #7,40202,24,634,TATTOO STUDIO,ACTIVE,96,2023/01/12 00:00:00,97,2021/01/25 00:00:00,0,,467
111912,MOON POPPY SHOP LLC,5000 SHELBYVILLE RD STE 1110,40207,25,634,TATTOO STUDIO,ACTIVE,100,2023/02/22 00:00:00,94,2021/02/19 00:00:00,0,,468
111971,TRUE GRIT TATTOO COMPANY,1908 BARDSTOWN RD,40205,28,634,TATTOO STUDIO,ACTIVE,100,2023/01/27 00:00:00,100,2022/08/05 00:00:00,90,2021/03/03 00:00:00,469
111990,MIGHTY OAK ACADEMY,344 NORTH 26TH ST,40212,24,635,SCHOOLS,ACTIVE,100,2023/02/09 00:00:00,100,2022/09/14 00:00:00,98,2022/01/27 00:00:00,470
112013,JTM TATTOO STUDIO,3357 CAMP GROUND RD,40211,23,634,TATTOO STUDIO,ACTIVE,96,2023/04/18 00:00:00,94,2021/03/12 00:00:00,0,,471
112052,STAYBRIDGE SUITES,380 FARMINGTON AVE,40209,27,620,HOTEL / MOTEL,ACTIVE,100,2023/04/06 00:00:00,92,2022/04/01 00:00:00,92,2021/03/15 00:00:00,472
112121,SCENIC ACRES MHC LLC,7511 CANE RUN RD,40258,24,625,MOBILE HOME / REC. VEHICLE PARK,ACTIVE,90,2022/10/21 00:00:00,80,2022/05/09 00:00:00,94,2021/03/29 00:00:00,473
112220,FAIRFIELD INN & SUITES,653 PHILLIPS LN,40209,23,620,HOTEL / MOTEL,ACTIVE,96,2023/04/18 00:00:00,100,2022/05/26 00:00:00,100,2021/04/08 00:00:00,474
112284,BROW DOWN COSMETICS,173 SEARS AVE SUITE 171,40207,21,634,TATTOO STUDIO,ACTIVE,97,2021/04/21 00:00:00,0,,0,,475
112285,MUSE AND MYTH LLC,2307 TAYLORSVILLE RD SUITE 201,40205,27,634,TATTOO STUDIO,ACTIVE,100,2023/02/15 00:00:00,94,2021/04/21 00:00:00,0,,476
112454,SOUTHLAND MHP LLC,401 OUTER LOOP,40214,27,625,MOBILE HOME / REC. VEHICLE PARK,ACTIVE,74,2022/11/16 00:00:00,86,2021/09/16 00:00:00,0,,477
112472,THE REFINERY HAIR LOUNGE,11612 SHELBYVILLE RD,40243,25,634,TATTOO STUDIO,ACTIVE,100,2023/02/17 00:00:00,94,2021/05/10 00:00:00,0,,478
112517,FORT BLUEGRASS MOBILE HOME & RV COMMUNITY,3510 BLUEGRASS PARK DR,40218,21,625,MOBILE HOME / REC. VEHICLE PARK,ACTIVE,72,2022/11/03 00:00:00,68,2021/05/07 00:00:00,0,,479
112589,THE GRADY HOTEL,601 WEST MAIN ST,40202,24,620,HOTEL / MOTEL,ACTIVE,100,2023/01/05 00:00:00,98,2022/01/11 00:00:00,98,2021/05/25 00:00:00,480
112942,HOLIDAY INN LOUISVILLE DOWNTOWN,101 W MUHAMMAD ALI BLVD,40202,28,620,HOTEL / MOTEL,ACTIVE,92,2023/02/14 00:00:00,100,2022/06/07 00:00:00,91,2022/05/19 00:00:00,481
112988,NO DIVISION TATTOO,203 POPE ST,40206,26,634,TATTOO STUDIO,ACTIVE,97,2023/03/30 00:00:00,91,2022/10/06 00:00:00,96,2022/05/10 00:00:00,482
113261,LUXXE BEAUTY BAR,5000 SHELBYVILLE RD #25,40207,25,634,TATTOO STUDIO,ACTIVE,100,2023/01/27 00:00:00,97,2021/08/11 00:00:00,0,,483
113357,WALDORF SCHOOL OF LOUISVILLE,3110 ROCK CREEK DR,40207,26,635,SCHOOLS,ACTIVE,96,2023/02/01 00:00:00,98,2022/09/15 00:00:00,95,2022/03/09 00:00:00,484
113466,AQUARIAN STUDIOS,1718 FRANKFORT AVE,40206,26,634,TATTOO STUDIO,ACTIVE,98,2023/03/29 00:00:00,100,2022/10/12 00:00:00,97,2021/08/31 00:00:00,485
113710,RED ROOF INN,4704 PRESTON HWY,40213,27,620,HOTEL / MOTEL,ACTIVE,65,2022/12/14 00:00:00,86,2021/12/14 00:00:00,60,2021/09/29 00:00:00,486
113923,HIDEOUT ART STUDIO LLC,414 BAXTER AVE SUITE 300B,40204,24,634,TATTOO STUDIO,ACTIVE,98,2023/02/03 00:00:00,92,2021/10/29 00:00:00,0,,487
113924,NEON MOON TATTOO CO,1000 E OAK ST,40204,28,634,TATTOO STUDIO,ACTIVE,100,2022/10/06 00:00:00,94,2021/10/29 00:00:00,0,,488
114001,TOWNEPLACE SUITES,801 W JEFFERSON ST,40202,24,620,HOTEL / MOTEL,ACTIVE,94,2022/12/08 00:00:00,95,2021/11/12 00:00:00,0,,489
114144,CAMBRIA HOTEL,120 S FLOYD ST,40202,26,620,HOTEL / MOTEL,ACTIVE,89,2023/03/15 00:00:00,98,2022/01/25 00:00:00,89,2021/12/08 00:00:00,490
114191,MAIN STAY SUITES,11762 COMMONWEALTH DR,40299,22,620,HOTEL / MOTEL,ACTIVE,92,2023/03/08 00:00:00,92,2022/01/11 00:00:00,94,2021/01/08 00:00:00,491
114192,HOUZE OF BROWS,3026 BARDSTOWN RD SUITE A,40205,22,634,TATTOO STUDIO,ACTIVE,100,2023/02/14 00:00:00,100,2022/09/13 00:00:00,94,2021/12/16 00:00:00,492
114246,BELLES & CO HAIR BOUTIQUE,211 CLOVER LN STE P,40207,21,634,TATTOO STUDIO,ACTIVE,92,2021/12/29 00:00:00,0,,0,,493
114342,ARTFUL DODGER INK LLC,10615 W MANSLICK RD BLDG #1,40118,23,634,TATTOO STUDIO,ACTIVE,94,2022/01/25 00:00:00,0,,0,,494
114343,HAMPTON INN DOWNTOWN,101 E JEFFERSON ST,40202,26,620,HOTEL / MOTEL,ACTIVE,78,2023/05/11 00:00:00,78,2023/05/11 00:00:00,96,2022/01/26 00:00:00,495
114366,THE HORNETS NEST ELITE ART & TATTOO STUDIO,2012 S HURSTBOURNE PKWY,40220,29,634,TATTOO STUDIO,ACTIVE,97,2023/02/23 00:00:00,100,2022/11/14 00:00:00,100,2022/01/28 00:00:00,496
114367,THE HORNETS NEST ELITE ART & TATTOO STUDIO,2012 S HURSTBOURNE PKWY,40220,29,644,BODY PIERCING STUDIO,ACTIVE,100,2023/02/23 00:00:00,100,2022/11/14 00:00:00,100,2022/01/31 00:00:00,497
114370,KISS AND MAKEUP LLC,3900 SHELBYVILLE RD SUITE 6,40207,26,634,TATTOO STUDIO,ACTIVE,100,2023/04/14 00:00:00,97,2022/11/09 00:00:00,94,2022/01/28 00:00:00,498
114505,PHOENIX ELEVEN TATTOO STUDIO,414 BAXTER AVE SUITE 108,40204,24,634,TATTOO STUDIO,ACTIVE,95,2022/12/19 00:00:00,94,2022/02/18 00:00:00,0,,499
114613,HOLIDAY INN EXPRESS & SUITES LOUISVILLE DOWNTOWN,800 W MARKET ST,40202,24,620,HOTEL / MOTEL,ACTIVE,91,2023/05/16 00:00:00,92,2022/02/22 00:00:00,0,,500
114628,BAYMONT INN & SUITES,9400 BLAIRWOOD RD,40220,29,620,HOTEL / MOTEL,ACTIVE,75,2022/12/09 00:00:00,79,2022/06/08 00:00:00,72,2022/03/04 00:00:00,501
114630,OASIS SPA AT BAPTIST HEALTH MILESTONE WELLNESS CTR,750 CYPRESS STATION DR,40207,26,634,TATTOO STUDIO,ACTIVE,93,2023/04/19 00:00:00,100,2022/10/05 00:00:00,94,2022/03/08 00:00:00,502
114716,SAGE BEAUTY AESTETICS,12003 SHELBYVILLE RD SUITE 105,40243,25,634,TATTOO STUDIO,ACTIVE,100,2023/01/13 00:00:00,97,2022/03/15 00:00:00,0,,503
114766,FAMILY TRADITION TATTOO AND PIERCING STUDIO,10502 DIXIE HWY,40272,23,634,TATTOO STUDIO,ACTIVE,97,2023/01/05 00:00:00,94,2022/03/22 00:00:00,0,,504
