Brnd_Name,Gnrc_Name,Tot_Mftr,Mftr_Name,Tot_Spndng_2017,Tot_Dsg_Unts_2017,Tot_Clms_2017,Avg_Spnd_Per_Dsg_Unt_Wghtd_2017,Avg_Spnd_Per_Clm_2017,Outlier_Flag_2017,Tot_Spndng_2018,Tot_Dsg_Unts_2018,Tot_Clms_2018,Avg_Spnd_Per_Dsg_Unt_Wghtd_2018,Avg_Spnd_Per_Clm_2018,Outlier_Flag_2018,Tot_Spndng_2019,Tot_Dsg_Unts_2019,Tot_Clms_2019,Avg_Spnd_Per_Dsg_Unt_Wghtd_2019,Avg_Spnd_Per_Clm_2019,Outlier_Flag_2019,Tot_Spndng_2020,Tot_Dsg_Unts_2020,Tot_Clms_2020,Avg_Spnd_Per_Dsg_Unt_Wghtd_2020,Avg_Spnd_Per_Clm_2020,Outlier_Flag_2020,Tot_Spndng_2021,Tot_Dsg_Unts_2021,Tot_Clms_2021,Avg_Spnd_Per_Dsg_Unt_Wghtd_2021,Avg_Spnd_Per_Clm_2021,Outlier_Flag_2021,Chg_Avg_Spnd_Per_Dsg_Unt_20_21,CAGR_Avg_Spnd_Per_Dsg_Unt_17_21
8hr Arthritis Pain,Acetaminophen,1,Overall,,,,,,,,,,,,,733.42,11256.0,140.0,0.0651581379,5.2387142857,1.0,426.96,4459.0,46.0,0.0957524109,9.2817391304,1.0,331.69,4642.0,54.0,0.0714541146,6.1424074074,1.0,0.4695387862,0.047199169
8hr Arthritis Pain,Acetaminophen,1,Topco,,,,,,,,,,,,,733.42,11256.0,140.0,0.0651581379,5.2387142857,1.0,426.96,4459.0,46.0,0.0957524109,9.2817391304,1.0,331.69,4642.0,54.0,0.0714541146,6.1424074074,1.0,-0.253761718,0.047199169
A & D,Vitamins A And D,1,Overall,,,,,,,252.22,36845.0,84.0,0.0068454336,3.0026190476,1.0,770.31,51334.454,121.0,0.0150057114,6.3661983471,1.0,322.51,15751.8,41.0,0.0204744855,7.866097561,1.0,253.76,9136.0,26.0,0.0277758319,9.76,1.0,0.3644461734,0.5949804765
A & D,Vitamins A And D,1,Schering-Plough,,,,,,,252.22,36845.0,84.0,0.0068454336,3.0026190476,1.0,770.31,51334.454,121.0,0.0150057114,6.3661983471,1.0,322.51,15751.8,41.0,0.0204744855,7.866097561,1.0,253.76,9136.0,26.0,0.0277758319,9.76,1.0,0.3566070773,0.5949804765
A And D,Vits A And D/White Pet/Lanolin,1,Overall,406.33,3502.5,47.0,0.1160114204,8.6453191489,1.0,213.7,2113.7,28.0,0.1011023324,7.6321428571,1.0,79.36,1102.0,17.0,0.0720145191,4.6682352941,1.0,138.49,1483.5,19.0,0.0933535558,7.2889473684,1.0,106.45,1032.708,14.0,0.1030785082,7.6035714286,1.0,0.2963157569,-0.029117116
A And D,Vits A And D/White Pet/Lanolin,1,Bayer Healthcar,406.33,3502.5,47.0,0.1160114204,8.6453191489,1.0,213.7,2113.7,28.0,0.1011023324,7.6321428571,1.0,79.36,1102.0,17.0,0.0720145191,4.6682352941,1.0,138.49,1483.5,19.0,0.0933535558,7.2889473684,1.0,106.45,1032.708,14.0,0.1030785082,7.6035714286,1.0,0.1041733472,-0.029117116
A And D Diaper Rash,"Dimethic/Zinc Ox/Vits A,D/Aloe",1,Overall,,,,,,,,,,,,,90.59,1221.433,15.0,0.0741669826,6.0393333333,1.0,204.19,1675.5,27.0,0.1218680991,7.5625925926,1.0,67.04,905.0,21.0,0.0740773481,3.1923809524,1.0,0.6431583824,-0.000604458
A And D Diaper Rash,"Dimethic/Zinc Ox/Vits A,D/Aloe",1,Bayer Healthcar,,,,,,,,,,,,,90.59,1221.433,15.0,0.0741669826,6.0393333333,1.0,204.19,1675.5,27.0,0.1218680991,7.5625925926,1.0,67.04,905.0,21.0,0.0740773481,3.1923809524,1.0,-0.392151444,-0.000604458
A-Hydrocort,Hydrocortisone Sod Succinate,1,Overall,22317.83,108.0,67.0,206.64657407,333.1019403,1.0,20447.75,65.0,61.0,314.58076923,335.20901639,1.0,2123.39,36.0,34.0,58.983055556,62.452647059,1.0,32241.56,102.0,80.0,316.09372549,403.0195,1.0,300.44,52.0,47.0,5.7776923077,6.3923404255,1.0,4.3590598607,-0.591086405
A-Hydrocort,Hydrocortisone Sod Succinate,1,Hospira/Pfizer,22317.83,108.0,67.0,206.64657407,333.1019403,1.0,20447.75,65.0,61.0,314.58076923,335.20901639,1.0,2123.39,36.0,34.0,58.983055556,62.452647059,1.0,32241.56,102.0,80.0,316.09372549,403.0195,1.0,300.44,52.0,47.0,5.7776923077,6.3923404255,1.0,-0.981721585,-0.591086405
A-Methapred,Methylprednisolone Sod Succ,1,Overall,53847.58,993.28,453.0,109.04789455,118.86883002,1.0,298521.69,325.0,222.0,631.84774972,1344.6922973,1.0,362579.91,285.125,187.0,1604.3237904,1938.93,1.0,11201.99,140.0,116.0,75.133125625,96.56887931,1.0,11964.04,48.0,44.0,248.66222488,271.91,1.0,2.3096217256,0.2288479027
A-Methapred,Methylprednisolone Sod Succ,1,Hospira,53847.58,993.28,453.0,109.04789455,118.86883002,1.0,298521.69,325.0,222.0,631.84774972,1344.6922973,1.0,362579.91,285.125,187.0,1604.3237904,1938.93,1.0,11201.99,140.0,116.0,75.133125625,96.56887931,1.0,11964.04,48.0,44.0,248.66222488,271.91,1.0,2.3096217256,0.2288479027
Abacavir,Abacavir Sulfate,6,Overall,4855932.38,1454929.0,22799.0,3.6296905871,212.98883197,0.0,3000495.65,1870113.0,20097.0,2.2980006103,149.30067423,0.0,2446359.81,1621617.0,15983.0,2.2770636881,153.0601145,0.0,1721889.97,1364799.294,12949.0,1.8688802245,132.97474477,0.0,1404972.5,1239824.0,10708.0,1.758826731,131.20774188,0.0,-0.058887398,-0.165669033
Abacavir,Abacavir Sulfate,1,"Cipla USA, Inc.",,,,,,,43062.43,20833.0,352.0,2.0670297125,122.33644886,0.0,178710.77,80803.0,1383.0,2.2116848384,129.2196457,0.0,133369.15,77992.0,1364.0,1.7100362858,97.777969208,0.0,108419.38,66025.0,1150.0,1.6420958728,94.277721739,0.0,-0.039730393,-0.073844458
Abacavir,Abacavir Sulfate,1,Mylan,463808.23,123150.0,2204.0,3.7662056841,210.43930581,0.0,299723.28,132594.0,2341.0,2.2604588443,128.0321572,0.0,439768.24,172968.0,3030.0,2.5424832339,145.138033,0.0,265658.01,123098.0,2067.0,2.1581017563,128.5234688,0.0,180238.65,90362.0,1489.0,1.9946288263,121.04677636,0.0,-0.075748481,-0.146920483
Abacavir,Abacavir Sulfate,1,Rising Pharm,,,,,,,98501.16,203422.0,387.0,0.4842207824,254.52496124,0.0,216513.65,426251.0,863.0,0.5079487204,250.88487833,0.0,197801.95,411857.0,836.0,0.4802685155,236.60520335,0.0,200516.7,413008.0,867.0,0.4855031864,231.27647059,0.0,0.010899467,0.0008820174
Abacavir,Abacavir Sulfate,1,Aurobindo Pharm,1914746.03,512186.0,8854.0,3.7383802564,216.25774,0.0,785394.73,336600.0,5899.0,2.3333176768,133.140317,0.0,548789.8,221010.0,3939.0,2.4830994073,139.32211221,0.0,340332.87,161731.0,2817.0,2.1043143862,120.81394036,0.0,302463.08,143998.0,2531.0,2.1004672287,119.50338996,0.0,-0.001828224,-0.134218884
Abacavir,Abacavir Sulfate,1,Camber Pharmace,1389264.75,516468.0,6468.0,3.4670288669,214.79046846,0.0,966292.71,867205.0,5685.0,2.1169306975,169.97233245,0.0,937781.5,677430.0,6000.0,2.1986049922,156.29691667,0.0,764858.61,582185.294,5699.0,1.8708319963,134.20926654,0.0,611412.71,525051.0,4652.0,1.7651393375,131.43007524,0.0,-0.056495003,-0.155294379
Abacavir,Abacavir Sulfate,1,Apotex Corp,1088113.37,303125.0,5273.0,3.5896523546,206.35565522,0.0,807521.34,309459.0,5433.0,2.6094614795,148.63267808,0.0,124795.85,43155.0,768.0,2.8918051211,162.49459635,0.0,19869.38,7936.0,166.0,2.5037021169,119.69506024,1.0,1921.98,1380.0,19.0,1.3927391304,101.15684211,1.0,-0.443728101,-0.210768616
Abacavir-Lamivudine,Abacavir Sulfate/Lamivudine,6,Overall,26780311.83,1389157.0,46517.0,19.276020059,575.71020982,0.0,7482845.84,1031596.0,34469.0,7.2489640367,217.08914793,0.0,4694926.11,726343.0,24316.0,6.4634322818,193.07970513,0.0,3189618.11,529789.0,17279.0,6.0224313684,184.59506395,0.0,2336623.6,429946.0,13605.0,5.4322808128,171.74741639,0.0,-0.068230144,-0.271396571
Abacavir-Lamivudine,Abacavir Sulfate/Lamivudine,1,Aurobindo Pharm,1425487.32,130486.0,4325.0,10.924446454,329.59244393,0.0,1491375.43,193855.0,6385.0,7.6932523278,233.574852,0.0,811847.47,128854.0,4243.0,6.3005220637,191.33807919,0.0,525567.16,95979.0,3070.0,5.4758557601,171.19451466,0.0,809629.67,140293.0,4320.0,5.7709912113,187.41427546,0.0,0.0538975941,-0.147463968
Abacavir-Lamivudine,Abacavir Sulfate/Lamivudine,1,Burel Pharmaceu,,,,,,,,,,,,,695711.21,90087.0,2989.0,7.7226593182,232.75717966,0.0,434910.92,57128.0,1821.0,7.6129204593,238.83081823,0.0,78970.21,11778.0,380.0,6.7048913228,207.81634211,1.0,-0.119274744,-0.068222041
Abacavir-Lamivudine,Abacavir Sulfate/Lamivudine,1,Lupin Pharmaceu,2825097.74,220451.0,7439.0,12.815082445,379.76848232,0.0,1578870.64,235004.0,7922.0,6.7184841109,199.30202474,0.0,973127.25,148647.0,5075.0,6.5465650164,191.74921182,0.0,863498.88,138877.0,4719.0,6.2177241732,182.98344565,0.0,467645.27,87231.0,2906.0,5.3609986129,160.92404336,0.0,-0.137787643,-0.195768513
Abacavir-Lamivudine,Abacavir Sulfate/Lamivudine,1,"Cipla USA, Inc.",1691277.66,157979.0,5291.0,10.705711898,319.65179739,0.0,1862350.35,289579.0,9740.0,6.4312341365,191.20640144,0.0,1312897.33,221883.0,7426.0,5.917070393,176.79737813,0.0,510875.65,86945.0,2855.0,5.8758485249,178.94068301,0.0,885546.47,171894.0,5436.0,5.1517008738,162.90405997,0.0,-0.123241375,-0.167117434
Abacavir-Lamivudine,Abacavir Sulfate/Lamivudine,1,Prasco Labs,9952765.78,434787.0,14573.0,22.891130094,682.95929321,0.0,1677514.12,203017.0,6774.0,8.2629243856,247.64011219,1.0,304120.58,39018.0,1309.0,7.79436619,232.330466,0.0,56837.14,11401.0,371.0,4.9852767301,153.19983827,0.0,4141.83,1020.0,34.0,4.0606176471,121.81852941,1.0,-0.185477985,-0.351020145
Abacavir-Lamivudine,Abacavir Sulfate/Lamivudine,1,Teva USA,10885683.33,445454.0,14889.0,24.437278215,731.12252871,0.0,872735.3,110141.0,3648.0,7.9238004013,239.23665022,0.0,597222.27,97854.0,3274.0,6.1031973144,182.41364386,0.0,797928.36,139459.0,4443.0,5.7215981758,179.59224848,0.0,90690.15,17730.0,529.0,5.1150676819,171.43695652,0.0,-0.106007181,-0.323606169
Abacavir-Lamivudine-Zidovudine,Abacavir/Lamivudine/Zidovudine,1,Overall,3931094.77,185406.0,3166.0,21.202629742,1241.6597505,0.0,2087894.39,114921.0,1978.0,18.168084075,1055.5583367,1.0,1341119.86,62794.0,1110.0,21.357452304,1208.2160901,0.0,585417.74,28286.0,511.0,20.696377713,1145.6315851,0.0,47920.55,2310.0,39.0,20.74482684,1228.7320513,1.0,0.0023409472,-0.005442215
Abacavir-Lamivudine-Zidovudine,Abacavir/Lamivudine/Zidovudine,1,Lupin Pharmaceu,3931094.77,185406.0,3166.0,21.202629742,1241.6597505,0.0,2087894.39,114921.0,1978.0,18.168084075,1055.5583367,1.0,1341119.86,62794.0,1110.0,21.357452304,1208.2160901,0.0,585417.74,28286.0,511.0,20.696377713,1145.6315851,0.0,47920.55,2310.0,39.0,20.74482684,1228.7320513,1.0,0.0023409472,-0.005442215
Abelcet,Amphotericin B Lipid Complex,1,Overall,510494.6,59475.0,570.0,8.5833476251,895.6045614,0.0,419811.06,59524.0,485.0,7.052803239,865.58981443,0.0,229060.37,49937.0,444.0,4.5869870036,515.90173423,0.0,150432.96,30817.0,277.0,4.8814926826,543.07927798,0.0,230629.61,42399.7,636.0,5.4394160808,362.62517296,0.0,0.1142936053,-0.107776013
Abelcet,Amphotericin B Lipid Complex,1,Leadiant Biosci,510494.6,59475.0,570.0,8.5833476251,895.6045614,0.0,419811.06,59524.0,485.0,7.052803239,865.58981443,0.0,229060.37,49937.0,444.0,4.5869870036,515.90173423,0.0,150432.96,30817.0,277.0,4.8814926826,543.07927798,0.0,230629.61,42399.7,636.0,5.4394160808,362.62517296,0.0,0.1142936053,-0.107776013
Abilify Maintena,Aripiprazole,1,Overall,269177503.12,148844.819,147897.0,1807.4588879,1820.0335579,0.0,361424284.39,188818.408,188799.0,1915.180471,1914.3336797,0.0,462603163.34,223858.711,223164.0,2072.5687907,2072.9291612,0.0,525941505.7,251438.616,252133.0,2092.1211614,2085.9685392,0.0,591172986.98,270416.031,271966.0,2186.6783619,2173.7018119,0.0,0.045196809,0.0487672568
Abilify Maintena,Aripiprazole,1,Otsuka America,269177503.12,148844.819,147897.0,1807.4588879,1820.0335579,0.0,361424284.39,188818.408,188799.0,1915.180471,1914.3336797,0.0,462603163.34,223858.711,223164.0,2072.5687907,2072.9291612,0.0,525941505.7,251438.616,252133.0,2092.1211614,2085.9685392,0.0,591172986.98,270416.031,271966.0,2186.6783619,2173.7018119,0.0,0.045196809,0.0487672568
Abilify Mycite,Aripiprazole,1,Overall,,,,,,,,,,,,,22893.15,420.0,14.0,54.5075,1635.225,1.0,122978.17,2250.0,74.0,54.657007508,1661.8671622,1.0,69821.75,1290.0,43.0,54.125387597,1623.7616279,1.0,0.0027428796,-0.003511301
Abilify Mycite,Aripiprazole,1,Otsuka America,,,,,,,,,,,,,22893.15,420.0,14.0,54.5075,1635.225,1.0,122978.17,2250.0,74.0,54.657007508,1661.8671622,1.0,69821.75,1290.0,43.0,54.125387597,1623.7616279,1.0,-0.009726473,-0.003511301
Abilify*,Aripiprazole,1,Overall,581778077.68,18602730.597,579380.0,31.375127799,1004.1390412,0.0,454568519.15,14502073.292,438971.0,31.469332602,1035.5320036,0.0,221815190.29,7793675.216,232784.0,28.592098999,952.87988131,1.0,19481045.31,819891.071,22659.0,23.873877317,859.74867867,0.0,13801647.34,558950.487,15247.0,24.869919194,905.20412803,0.0,0.0417209933,-0.056434143
Abilify*,Aripiprazole,1,Otsuka America*,581778077.68,18602730.597,579380.0,31.375127799,1004.1390412,0.0,454568519.15,14502073.292,438971.0,31.469332602,1035.5320036,0.0,221815190.29,7793675.216,232784.0,28.592098999,952.87988131,1.0,19481045.31,819891.071,22659.0,23.873877317,859.74867867,0.0,13801647.34,558950.487,15247.0,24.869919194,905.20412803,0.0,0.0417209933,-0.056434143
Abiraterone Acetate,Abiraterone Acetate,12,Overall,,,,,,,1295594.93,22362.0,202.0,57.937016202,6413.8362871,1.0,28087006.89,689855.0,6392.0,40.712522454,4394.0874359,0.0,23282853.46,900344.0,8371.0,26.06932216,2781.37062,0.0,36425753.17,1176568.12,11885.0,38.470200763,3064.8509188,0.0,0.4756885709,-0.127585699
Abiraterone Acetate,Abiraterone Acetate,1,Mylan,,,,,,,412644.72,8836.0,80.0,46.70039837,5158.059,1.0,6267751.49,177206.0,1656.0,35.369860445,3784.8740882,0.0,2648190.38,81184.0,772.0,33.65392459,3430.2984197,0.0,9835389.75,104020.0,1596.0,103.73005291,6162.524906,0.0,2.0822572455,0.3047521006
Abiraterone Acetate,Abiraterone Acetate,1,Bluepoint/Oncop,,,,,,,,,,,,,,,,,,,,,,,,,569935.23,12960.0,110.0,43.976483796,5181.2293636,1.0,,0.0
Abiraterone Acetate,Abiraterone Acetate,1,Northstar Rx Ll,,,,,,,,,,,,,,,,,,,,,,,,,844909.98,55632.0,497.0,15.187481665,1700.0200805,1.0,,0.0
Abiraterone Acetate,Abiraterone Acetate,1,Patriot Pharmac,,,,,,,325659.39,4706.0,43.0,69.200890353,7573.474186,1.0,9853844.46,227506.0,2203.0,43.312459715,4472.9207717,0.0,4145420.45,129531.0,1337.0,32.003307702,3100.5388556,0.0,145428.68,6150.0,52.0,23.646939837,2796.7053846,1.0,-0.261109506,-0.300875662
Abiraterone Acetate,Abiraterone Acetate,1,Amneal Pharmace,,,,,,,,,,,,,942961.73,23290.0,205.0,40.487837269,4599.8133171,1.0,1056344.37,74287.0,684.0,14.219774254,1544.363114,1.0,5900210.56,136451.12,1587.0,58.150078971,3717.8390422,0.0,3.0893813033,0.1984305325
Abiraterone Acetate,Abiraterone Acetate,1,Dr.Reddy'S Lab,,,,,,,,,,,,,,,,,,,58909.63,1650.0,16.0,35.702806061,3681.851875,1.0,101046.82,3026.0,29.0,33.392868473,3484.3731034,1.0,-0.064699049,-0.064699049
Abiraterone Acetate,Abiraterone Acetate,1,Wockhardt USA L,,,,,,,,,,,,,228139.71,10920.0,96.0,20.891914835,2376.4553125,0.0,924509.55,36142.0,320.0,25.579922251,2889.0923437,0.0,98117.87,11902.0,108.0,8.2438136448,908.4987963,1.0,-0.677723272,-0.371833229
Abiraterone Acetate,Abiraterone Acetate,1,West-Ward/Hikma,,,,,,,,,,,,,100108.13,10470.0,91.0,9.561425979,1100.0893407,1.0,29541.69,20412.0,186.0,1.4472707231,158.82629032,1.0,20430.94,28933.0,280.0,0.7061466146,72.967642857,1.0,-0.51208395,-0.728239641
Abiraterone Acetate,Abiraterone Acetate,1,Apotex Corp,,,,,,,557290.82,8820.0,79.0,63.184900227,7054.3141772,1.0,10209427.35,220795.0,1959.0,46.239395593,5211.5504594,0.0,4497955.75,151014.0,1346.0,29.785024898,3341.7204681,0.0,2169482.92,89923.0,908.0,31.799285589,2389.29837,1.0,0.0676266244,-0.204571124
Abiraterone Acetate,Abiraterone Acetate,1,Rising Pharm,,,,,,,,,,,,,,,,,,,1121802.34,52324.0,469.0,21.439537115,2391.9026439,0.0,604794.76,39950.0,358.0,15.138792491,1689.370838,0.0,-0.293884359,-0.293884359
Abiraterone Acetate,Abiraterone Acetate,1,Novadoz Pharmac,,,,,,,,,,,,,484774.02,19668.0,182.0,24.6478554,2663.5935165,0.0,8741638.8,334522.0,3062.0,26.131730649,2854.878772,0.0,15916666.69,601551.0,5571.0,26.459380319,2857.0573847,0.0,0.0125383839,0.0360966408
Abiraterone Acetate,Abiraterone Acetate,1,"Celltrion USA,",,,,,,,,,,,,,,,,,,,58540.5,19278.0,179.0,3.0366479925,327.04189944,0.0,219338.97,86070.0,789.0,2.5483788777,277.9961597,0.0,-0.160792135,-0.160792135
Abraxane,Paclitaxel Protein-Bound,1,Overall,57530098.25,48753.071,27231.0,1180.0302436,2112.6693199,1.0,53837746.76,42564.305,25755.0,1264.8567094,2090.3803828,0.0,63796502.78,54139.766,30184.0,1178.3667994,2113.5867605,0.0,67420382.22,55247.678,31817.0,1220.3296982,2119.0050042,0.0,67187329.2,65503.592,30746.0,1025.7045018,2185.2380537,1.0,0.0356110668,-0.034433297
Abraxane,Paclitaxel Protein-Bound,1,Celgene/BMS,57530098.25,48753.071,27231.0,1180.0302436,2112.6693199,1.0,53837746.76,42564.305,25755.0,1264.8567094,2090.3803828,0.0,63796502.78,54139.766,30184.0,1178.3667994,2113.5867605,0.0,67420382.22,55247.678,31817.0,1220.3296982,2119.0050042,0.0,67187329.2,65503.592,30746.0,1025.7045018,2185.2380537,1.0,-0.159485749,-0.034433297
Absorica,Isotretinoin,1,Overall,9878293.8,309905.0,5995.0,31.810886231,1647.7554295,0.0,8868026.2,271848.0,5258.0,32.568186765,1686.5778243,0.0,7626371.93,212926.0,4137.0,35.77773562,1843.4546604,0.0,8069988.61,225520.0,4249.0,35.731585319,1899.2677359,0.0,4136652.84,114278.0,2174.0,36.127899148,1902.784195,0.0,0.0110914147,0.0323256894
Absorica,Isotretinoin,1,Sun Pharmaceuti,9878293.8,309905.0,5995.0,31.810886231,1647.7554295,0.0,8868026.2,271848.0,5258.0,32.568186765,1686.5778243,0.0,7626371.93,212926.0,4137.0,35.77773562,1843.4546604,0.0,8069988.61,225520.0,4249.0,35.731585319,1899.2677359,0.0,4136652.84,114278.0,2174.0,36.127899148,1902.784195,0.0,0.0110914147,0.0323256894
Absorica Ld,"Isotretinoin, Micronized",1,Overall,,,,,,,,,,,,,,,,,,,987011.22,26100.0,566.0,37.796901346,1743.8360777,0.0,3042402.57,77940.0,1623.0,39.029183645,1874.5548799,0.0,0.0326027334,0.0326027334
Absorica Ld,"Isotretinoin, Micronized",1,Sun Pharmaceuti,,,,,,,,,,,,,,,,,,,987011.22,26100.0,566.0,37.796901346,1743.8360777,0.0,3042402.57,77940.0,1623.0,39.029183645,1874.5548799,0.0,0.0326027334,0.0326027334
Acamprosate Calcium,Acamprosate Calcium,5,Overall,5855895.53,6310836.0,43539.0,0.9277484214,134.4977039,0.0,5092736.42,6834678.0,47226.0,0.7451661459,107.83755601,0.0,6319904.86,8250999.0,57312.0,0.7659330175,110.27193014,0.0,7991184.29,10872934.0,74358.0,0.7349909145,107.46905901,0.0,9927618.91,13268177.0,89681.0,0.7481566756,110.6992441,0.0,0.0179128215,-0.052366112
Acamprosate Calcium,Acamprosate Calcium,1,Zydus Pharmaceu,478669.09,522187.0,3460.0,0.916662211,138.34366763,0.0,1592971.44,2146854.0,14624.0,0.7420026886,108.92857221,0.0,2127307.09,2741609.0,18939.0,0.7759338002,112.32415069,0.0,2070150.12,2689522.0,18169.0,0.7697093089,113.9385833,0.0,2574271.65,3358215.0,22271.0,0.7665595115,115.58850748,0.0,-0.004092191,-0.04372206
Acamprosate Calcium,Acamprosate Calcium,1,Glenmark Pharma,3540444.17,3800723.0,26304.0,0.9315186005,134.597178,0.0,2975720.75,3973039.0,27629.0,0.7489784898,107.70280321,0.0,3966481.54,5210775.0,36384.0,0.7612076016,109.01719272,0.0,5118983.17,7019021.0,48471.0,0.7293015892,105.60919251,0.0,6356249.35,8521387.0,57967.0,0.7459172257,109.65289475,0.0,0.0227829429,-0.054035636
Acamprosate Calcium,Acamprosate Calcium,1,Teva USA,767140.92,775169.0,5289.0,0.9896434455,145.04460579,0.0,64933.77,89831.0,689.0,0.7228436731,94.243497823,0.0,52367.01,66379.0,455.0,0.7889092936,115.09232967,0.0,23582.65,33291.0,223.0,0.7083791415,105.75179372,0.0,26731.12,39215.0,272.0,0.681655489,98.276176471,0.0,-0.03772507,-0.088993353
Acamprosate Calcium,Acamprosate Calcium,1,Mylan,1065777.22,1208449.0,8448.0,0.8819381041,126.15734138,0.0,456748.87,622101.0,4249.0,0.7342037225,107.49561544,0.0,171906.63,229507.0,1507.0,0.7490256506,114.07208361,0.0,775947.36,1127699.0,7448.0,0.6880802058,104.18197637,0.0,952623.67,1327449.0,8976.0,0.7176348545,106.13008801,0.0,0.042952331,-0.050234578
Acamprosate Calcium,Acamprosate Calcium,1,Ahp,3864.13,4308.0,38.0,0.8969661096,101.68763158,1.0,2361.59,2853.0,35.0,0.8277567473,67.474,1.0,1842.59,2729.0,27.0,0.6751887138,68.244074074,1.0,2520.99,3401.0,47.0,0.7412496325,53.638085106,1.0,17743.12,21911.0,195.0,0.8097813883,90.990358974,0.0,0.0924543539,-0.025239462
Acanya,Clindamycin Phos/Benzoyl Perox,1,Overall,933189.05,99375.0,1990.0,9.3905816352,468.93922111,0.0,392760.62,41050.0,819.0,9.5678591961,479.56119658,0.0,135000.4,13650.0,272.0,9.8901391941,496.325,0.0,141051.08,14050.0,281.0,10.039222776,501.96113879,1.0,247894.99,24145.0,480.0,10.266928557,516.44789583,1.0,0.0226816145,0.0225557893
Acanya,Clindamycin Phos/Benzoyl Perox,1,Bausch Health U,933189.05,99375.0,1990.0,9.3905816352,468.93922111,0.0,392760.62,41050.0,819.0,9.5678591961,479.56119658,0.0,135000.4,13650.0,272.0,9.8901391941,496.325,0.0,141051.08,14050.0,281.0,10.039222776,501.96113879,1.0,247894.99,24145.0,480.0,10.266928557,516.44789583,1.0,0.0226816145,0.0225557893
Acarbose,Acarbose,5,Overall,1991715.19,5455810.25,60786.0,0.3653500374,32.766018327,0.0,1517674.15,5604599.0,61284.0,0.2701436622,24.764606586,0.0,1666544.89,5710695.2,61198.0,0.2920466566,27.232015589,0.0,1463664.92,5855931.0,59590.0,0.2500589728,24.562257426,0.0,1594135.69,6142217.18,60275.0,0.260031053,26.447709498,0.0,0.0398789137,-0.081500309
Acarbose,Acarbose,1,Alvogen Inc,386703.2,1102088.0,12173.0,0.3517170704,31.767288261,0.0,223696.23,987997.0,11086.0,0.2264436529,20.178263576,0.0,147765.68,545312.0,6124.0,0.2712590218,24.1289484,0.0,28786.69,142048.0,1659.0,0.2023503279,17.351832429,0.0,5718.75,27450.0,305.0,0.2098451861,18.75,1.0,0.0370390218,-0.121126457
Acarbose,Acarbose,1,Roxane/West-War,190559.52,523774.5,6283.0,0.3636919434,30.329384052,0.0,72477.21,360940.0,4220.0,0.2009424097,17.174694313,0.0,411081.32,1381071.0,14979.0,0.297877318,27.443842713,0.0,627312.21,2512738.5,25897.0,0.2502298795,24.223354443,0.0,749218.68,2888999.0,28886.0,0.2598349603,25.937086478,0.0,0.0383850274,-0.080628629
Acarbose,Acarbose,1,Virtus Pharmace,915082.9,2471251.0,27195.0,0.3701666312,33.648939143,0.0,751987.49,2562332.0,27377.0,0.2934564346,27.467855864,0.0,307270.88,1040013.0,10703.0,0.2955474626,28.708855461,0.0,242584.5,949953.0,8929.0,0.2546329744,27.168159928,0.0,226878.19,845135.0,7947.0,0.2674450582,28.548910281,0.0,0.0503158864,-0.078045841
Acarbose,Acarbose,1,Strides Pharma,484266.38,1318008.75,14654.0,0.3682573353,33.046702607,0.0,464115.03,1672295.0,18359.0,0.2778640711,25.27997331,0.0,797755.63,2733253.2,29253.0,0.2923752499,27.270899737,0.0,563405.94,2244801.5,23029.0,0.2515298357,24.465063181,0.0,606424.1,2357064.18,22893.0,0.2584998222,26.489498973,0.0,0.0277103768,-0.084671024
Acarbose,Acarbose,1,Avet Pharmaceut,15103.19,40688.0,481.0,0.3711319536,31.39956341,0.0,5398.19,21035.0,242.0,0.2557421389,22.306570248,1.0,2671.38,11046.0,139.0,0.2408562655,19.218561151,1.0,1575.58,6390.0,76.0,0.2501762126,20.731315789,1.0,5895.97,23569.0,244.0,0.2481719994,24.163811475,0.0,-0.008011206,-0.095713374
Accolate,Zafirlukast,1,Overall,80400.44,21568.0,366.0,3.7268849762,219.67333333,0.0,27566.37,8343.0,137.0,3.3044350623,201.21437956,0.0,21968.33,6365.0,96.0,3.4545412954,228.83677083,0.0,14911.63,4266.0,65.0,3.4977404146,229.40969231,1.0,9536.15,2744.0,45.0,3.4813526957,211.91444444,1.0,0.0125050232,-0.016893633
Accolate,Zafirlukast,1,Par Pharmaceuti,80400.44,21568.0,366.0,3.7268849762,219.67333333,0.0,27566.37,8343.0,137.0,3.3044350623,201.21437956,0.0,21968.33,6365.0,96.0,3.4545412954,228.83677083,0.0,14911.63,4266.0,65.0,3.4977404146,229.40969231,1.0,9536.15,2744.0,45.0,3.4813526957,211.91444444,1.0,-0.00468523,-0.016893633
Accrufer,Ferric Maltol,1,Overall,,,,,,,,,,,,,,,,,,,,,,,,,6373.54,780.0,15.0,8.1712051282,424.90266667,1.0,,0.0
Accrufer,Ferric Maltol,1,Shield Therapeu,,,,,,,,,,,,,,,,,,,,,,,,,6373.54,780.0,15.0,8.1712051282,424.90266667,1.0,,0.0
Accupril,Quinapril HCl,1,Overall,17457.06,4097.0,111.0,4.2229277834,157.27081081,1.0,14942.02,3700.0,104.0,3.972196721,143.67326923,1.0,13068.04,2790.0,72.0,4.6916303558,181.50055556,1.0,9871.06,2191.0,62.0,4.6110185191,159.21064516,1.0,7623.52,1605.0,46.0,4.8150324375,165.72869565,1.0,0.0442448708,0.0333474941
Accupril,Quinapril HCl,1,Pfizer US Pharm,17457.06,4097.0,111.0,4.2229277834,157.27081081,1.0,14942.02,3700.0,104.0,3.972196721,143.67326923,1.0,13068.04,2790.0,72.0,4.6916303558,181.50055556,1.0,9871.06,2191.0,62.0,4.6110185191,159.21064516,1.0,7623.52,1605.0,46.0,4.8150324375,165.72869565,1.0,0.0442448708,0.0333474941
Accutane,Isotretinoin,1,Overall,,,,,,,,,,,,,,,,,,,,,,,,,57397.88,13650.0,297.0,4.1719723215,193.25885522,1.0,,0.0
Accutane,Isotretinoin,1,"Jg Pharma, Inc.",,,,,,,,,,,,,,,,,,,,,,,,,57397.88,13650.0,297.0,4.1719723215,193.25885522,1.0,,0.0
Acebutolol HCl,Acebutolol HCl,2,Overall,128814.83,436723.0,7854.0,0.2958119895,16.401175197,0.0,120617.97,404599.0,7377.0,0.2991392438,16.350544937,0.0,158686.85,375072.5,6710.0,0.4247631789,23.649307004,0.0,242146.72,431453.4,6814.0,0.5619790383,35.536648077,0.0,266417.74,452586.8,6319.0,0.589012925,42.1613768,0.0,0.3230408525,0.1878928359
Acebutolol HCl,Acebutolol HCl,1,Amneal Pharmace,67482.2,226067.0,4181.0,0.2991876718,16.140205692,0.0,62195.05,207375.0,3844.0,0.3006763776,16.179773673,0.0,145468.38,344338.5,6121.0,0.4240749282,23.765459892,0.0,230191.45,413095.4,6499.0,0.5579150361,35.419518387,0.0,262769.33,446731.8,6223.0,0.5882337435,42.22550699,0.0,0.0543428756,0.1841359324
Acebutolol HCl,Acebutolol HCl,1,Mylan,61332.63,210656.0,3673.0,0.2919694282,16.698238497,0.0,58422.92,197224.0,3533.0,0.2974668004,16.536348712,0.0,13218.47,30734.0,589.0,0.4319156102,22.442224109,0.0,11955.27,18358.0,315.0,0.6458264985,37.953238095,0.0,3648.41,5855.0,96.0,0.6395217421,38.004270833,0.0,-0.009762307,0.2165486572
Acephen,Acetaminophen,1,Overall,3574.29,2249.141,155.0,1.8420037804,23.059935484,1.0,2278.75,671.345,152.0,9.2202193817,14.991776316,1.0,266.55,83.927,53.0,3.155302038,5.029245283,1.0,31.63,21.552,18.0,1.537820318,1.7572222222,1.0,22.29,23.5,19.0,1.0941335045,1.1731578947,1.0,-0.288516681,-0.1221002
Acephen,Acetaminophen,1,Cosette Pharmac,3574.29,2249.141,155.0,1.8420037804,23.059935484,1.0,2278.75,671.345,152.0,9.2202193817,14.991776316,1.0,266.55,83.927,53.0,3.155302038,5.029245283,1.0,31.63,21.552,18.0,1.537820318,1.7572222222,1.0,22.29,23.5,19.0,1.0941335045,1.1731578947,1.0,-0.288516681,-0.1221002
Acetadote,Acetylcysteine,1,Overall,89202.36,17367.813,257.0,5.1360732638,347.09089494,1.0,63354.47,14008.15,179.0,4.5226864361,353.93558659,1.0,54701.89,11188.217,161.0,4.889241065,339.76329193,1.0,90720.88,10245.01,181.0,8.8551284967,501.22033149,1.0,108486.44,41384.595,219.0,2.6214208451,495.37187215,0.0,0.8111458157,-0.154767117
Acetadote,Acetylcysteine,1,Cumberland Phar,89202.36,17367.813,257.0,5.1360732638,347.09089494,1.0,63354.47,14008.15,179.0,4.5226864361,353.93558659,1.0,54701.89,11188.217,161.0,4.889241065,339.76329193,1.0,90720.88,10245.01,181.0,8.8551284967,501.22033149,1.0,108486.44,41384.595,219.0,2.6214208451,495.37187215,0.0,-0.703965804,-0.154767117
Acetamin-Caff-Dihydrocodeine,Acetaminophen/Caff/Dihydrocod,1,Overall,174410.99,65619.0,979.0,2.6579342873,178.1521859,0.0,180852.82,67321.0,883.0,2.6864250382,204.81633069,0.0,149993.32,54123.0,751.0,2.7713415738,199.72479361,0.0,122916.8,46736.0,595.0,2.6300239644,206.58285714,0.0,80108.1,32492.0,460.0,2.4654715007,174.14804348,1.0,-0.050992491,-0.018616082
Acetamin-Caff-Dihydrocodeine,Acetaminophen/Caff/Dihydrocod,1,Xspire Pharma,174410.99,65619.0,979.0,2.6579342873,178.1521859,0.0,180852.82,67321.0,883.0,2.6864250382,204.81633069,0.0,149993.32,54123.0,751.0,2.7713415738,199.72479361,0.0,122916.8,46736.0,595.0,2.6300239644,206.58285714,0.0,80108.1,32492.0,460.0,2.4654715007,174.14804348,1.0,-0.062566907,-0.018616082
Acetaminophen*,Acetaminophen,10,Overall,,,,,,,202.31,3731.0,31.0,0.0542240686,6.5261290323,1.0,621.56,9517.0,109.0,0.065310497,5.7023853211,1.0,78572.15,51911.9,373.0,1.562678935,210.64919571,1.0,12382357.53,6150960.98,53238.0,2.1619599772,232.58494928,1.0,22.926918438,2.4162673444
Acetaminophen*,Acetaminophen,1,"Plus Pharma,Inc",,,,,,,202.31,3731.0,31.0,0.0542240686,6.5261290323,1.0,621.56,9517.0,109.0,0.065310497,5.7023853211,1.0,437.76,6748.0,86.0,0.0648725548,5.0902325581,1.0,424.14,7539.0,80.0,0.0562594509,5.30175,1.0,-0.132769613,0.0123588005
Acetaminophen*,Acetaminophen,1,Sandoz,,,,,,,,,,,,,,,,,,,38235.52,16578.0,171.0,2.3064012547,223.59953216,1.0,7781160.16,3337991.95,34450.0,2.3310901514,225.86821945,1.0,0.0107045106,0.0107045106
Acetaminophen*,Acetaminophen,1,Sandoz/Premier,,,,,,,,,,,,,,,,,,,,,,,,,577.6,2230.0,28.0,0.2590134529,20.628571429,1.0,,0.0
Acetaminophen*,Acetaminophen,1,Pharm Assoc Inc,,,,,,,,,,,,,,,,,,,,,,,,,7.26,37.0,20.0,0.0363,0.363,1.0,,0.0
Acetaminophen*,Acetaminophen,1,Mylan Instituti,,,,,,,,,,,,,,,,,,,,,,,,,268800.29,321196.7,3376.0,0.8368712692,79.620938981,0.0,,0.0
Acetaminophen*,Acetaminophen,1,Rugby,,,,,,,,,,,,,,,,,,,,,,,,,0.37,25.0,17.0,0.0148,0.0217647059,1.0,,0.0
Acetaminophen*,Acetaminophen,1,Auromedics Phar,,,,,,,,,,,,,,,,,,,0.0,1560.0,16.0,0.0,0.0,1.0,19288.0,6156.0,86.0,3.1332033788,224.27906977,1.0,,
Acetaminophen*,Acetaminophen,1,B.Braun,,,,,,,,,,,,,,,,,,,,,,,,,44172.72,153226.53,1482.0,0.3016410295,29.806153846,0.0,,0.0
Acetaminophen*,Acetaminophen,1,Leucadia Pharma,,,,,,,,,,,,,,,,,,,5476.22,1350.9,18.0,4.0537567548,304.23444444,1.0,988887.08,1079005.6,2839.0,0.9164800257,348.32232476,0.0,-0.773918348,-0.773918348
Acetaminophen*,Acetaminophen,1,Fresenius Kabi,,,,,,,,,,,,,,,,,,,34422.65,25675.0,82.0,1.3407069133,419.78841463,1.0,3279039.91,1243553.2,10860.0,2.6368312268,301.93737661,1.0,0.9667469457,0.9667469457
Acetaminophen-Codeine,Acetaminophen With Codeine,11,Overall,20787917.71,100940750.02,2477593.0,0.2423811933,8.3903682768,0.0,15082220.84,66703706.643,1844077.0,0.2476553964,8.1787370267,0.0,12136127.89,50671318.84,1490497.0,0.2581467137,8.1423363415,0.0,10123030.22,43699048.954,1299190.0,0.2433276459,7.7918012146,0.0,9039402.68,39547345.273,1203308.0,0.2405862641,7.5121271362,0.0,-0.011266216,-0.001856513
Acetaminophen-Codeine,Acetaminophen With Codeine,1,Ahp,25209.22,8887.5,1085.0,7.0705454181,23.234304147,1.0,3737.68,6252.0,630.0,1.5450305958,5.9328253968,0.0,4731.08,1670.0,396.0,5.4534851008,11.947171717,1.0,1332.53,1332.5,235.0,1.1871686108,5.6703404255,1.0,3194.64,455.0,179.0,12.148363466,17.847150838,1.0,9.2330564965,0.144896467
Acetaminophen-Codeine,Acetaminophen With Codeine,1,Hi-Tech/Akorn C,715714.51,16774483.58,114130.0,0.0426898985,6.271046263,0.0,227148.17,6376753.445,36423.0,0.0360047125,6.2363937622,0.0,135684.37,3881766.053,20507.0,0.0350209043,6.6164904667,0.0,84038.48,2546482.763,12217.0,0.0330570232,6.8788147663,0.0,70561.85,2262315.148,10276.0,0.0312390158,6.8666650448,0.0,-0.054996102,-0.075103673
Acetaminophen-Codeine,Acetaminophen With Codeine,1,Teva USA,6715679.22,27351422.98,832968.0,0.2378269395,8.0623495981,0.0,2807213.21,11418237.0,321715.0,0.237540534,8.7257765724,0.0,1402227.41,5539898.0,153663.0,0.2436336665,9.1253418845,0.0,476011.72,1964448.3,51896.0,0.2352208396,9.1724163712,0.0,120915.06,510614.032,14607.0,0.2302898242,8.2778845759,0.0,-0.020963344,-0.008018837
Acetaminophen-Codeine,Acetaminophen With Codeine,1,Amneal Pharmace,4481586.03,16881550.0,611369.0,0.2654724258,7.3304109793,0.0,3128363.36,11542392.0,435768.0,0.2710325,7.178965321,0.0,1780534.11,5702518.0,232449.0,0.3122364734,7.6598914601,0.0,484970.26,2138002.0,87244.0,0.2268333987,5.5587806611,0.0,412878.85,1839649.022,78074.0,0.2244334898,5.2883014832,0.0,-0.010580051,-0.041113816
Acetaminophen-Codeine,Acetaminophen With Codeine,1,Qualitest/Par P,438851.67,993490.5,29297.0,0.4662704115,14.979406424,0.0,661583.86,1866184.0,59832.0,0.3727285298,11.05735827,0.0,736539.5,2296198.0,72343.0,0.32675931,10.18121311,0.0,467095.05,1566930.0,59231.0,0.2980303867,7.8859896,0.0,122576.15,163891.0,5920.0,0.8508790181,20.705430743,0.0,1.8550075968,0.1622712344
Acetaminophen-Codeine,Acetaminophen With Codeine,1,Mallinckrodt Ph,5928269.24,22865560.4,648929.0,0.2497744459,9.1354666535,0.0,5454994.42,21690046.311,643294.0,0.2445821509,8.479784391,0.0,5361659.15,20938671.521,671727.0,0.250790428,7.9819020971,0.0,5905187.36,22945465.931,726089.0,0.2556140575,8.1328698823,0.0,5440015.56,21577291.536,687810.0,0.2505831009,7.9091835827,0.0,-0.019681846,0.0008084044
Acetaminophen-Codeine,Acetaminophen With Codeine,1,Mylan Instituti,8235.09,5727.3,1301.0,1.4378660102,6.3298155265,0.0,5001.91,4351.0,945.0,1.1496000919,5.293026455,0.0,2592.87,1669.0,778.0,1.5535470342,3.3327377892,0.0,3076.93,879.0,521.0,3.5004891923,5.905815739,1.0,3790.32,635.0,273.0,5.969007874,13.883956044,1.0,0.7051924877,0.4274007926
Acetaminophen-Codeine,Acetaminophen With Codeine,1,Morton Grove Ph,145812.47,4076808.608,26169.0,0.0357663271,5.5719542206,0.0,41019.92,1204868.573,7640.0,0.0340451406,5.3690994764,0.0,17114.11,545100.5,2939.0,0.0313962471,5.8231064988,0.0,5867.62,173987.46,1053.0,0.0337243845,5.572288699,0.0,165.34,3151.0,27.0,0.052472231,6.1237037037,1.0,0.5559136752,0.1005601834
Acetaminophen-Codeine,Acetaminophen With Codeine,1,Pharm Assoc Inc,227894.12,4285750.264,30819.0,0.0689148514,7.3945981375,0.0,88337.2,1969154.314,12270.0,0.0500620714,7.1994458028,0.0,48802.4,1257183.766,6996.0,0.0407452812,6.9757575758,0.0,31842.08,919681.0,4944.0,0.0350693368,6.4405501618,0.0,41987.45,1013447.876,5440.0,0.0413882548,7.71828125,0.0,0.18018356,-0.119678979
Acetaminophen-Codeine,Acetaminophen With Codeine,1,Eywa Pharma Inc,,,,,,,,,,,,,6213.36,30607.0,692.0,0.1995900182,8.9788439306,0.0,360017.62,1713493.0,48333.0,0.206530846,7.4486917841,0.0,614995.47,2849113.239,92078.0,0.212186164,6.6790706792,0.0,0.027382438,0.0310723056
Acetaminophen-Codeine,Acetaminophen With Codeine,1,Aurobindo Pharm,2100666.14,7697068.889,181526.0,0.2583521992,11.572260392,0.0,2664821.11,10625468.0,325560.0,0.2404568929,8.1853455891,0.0,2640029.53,10476037.0,328007.0,0.2379432708,8.0486987473,0.0,2303590.57,9728347.0,307427.0,0.2217860832,7.4931303041,0.0,2208321.99,9326782.42,308624.0,0.2181715981,7.1553799769,0.0,-0.016297168,-0.041379941
Acetazolamide,Acetazolamide,10,Overall,11619702.89,6694099.63,86457.0,1.7283818277,134.3986362,0.0,9511467.83,6900318.33,88607.0,1.3743841841,107.34442911,0.0,8382429.14,7121523.672,90722.0,1.1746973485,92.396873305,0.0,7900269.36,8522229.564,92259.0,0.9456588919,85.631421975,0.0,6830997.26,8668767.725,100004.0,0.787721347,68.30724031,0.0,-0.167013229,-0.178356865
Acetazolamide,Acetazolamide,1,Strides Pharma,,,,,,,761197.8,586365.8,7104.0,1.2961616933,107.15059122,0.0,1770416.87,1539362.4,18977.0,1.1481293451,93.292768615,0.0,1697884.8,1690439.907,20206.0,1.0052052251,84.028743937,0.0,2091921.5,2710815.903,30912.0,0.772328311,67.67344397,0.0,-0.231671014,-0.158512651
Acetazolamide,Acetazolamide,1,Taro Pharm USA,4969531.3,2950444.449,40281.0,1.6747920165,123.37159703,0.0,4158660.91,3054925.272,40342.0,1.3556249532,103.08514476,0.0,3577916.25,2986845.506,39191.0,1.1951123598,91.294334158,0.0,2894092.4,2800044.41,33248.0,1.0333855764,87.045608758,0.0,2040392.85,2170533.522,24643.0,0.9396548692,82.798070446,0.0,-0.09070255,-0.134530292
Acetazolamide,Acetazolamide,1,Major Pharmaceu,,,,,,,,,,,,,1661.18,1350.5,23.0,1.2300481303,72.225217391,1.0,6649.38,5695.6,99.0,1.1674590912,67.165454545,0.0,2107.78,3157.0,69.0,0.667652835,30.547536232,0.0,-0.428114578,-0.263259921
Acetazolamide,Acetazolamide,1,Lifestar Pharma,,,,,,,,,,,,,,,,,,,,,,,,,464030.86,651858.511,7455.0,0.711261887,62.244246814,0.0,,0.0
Acetazolamide,Acetazolamide,1,Eywa Pharma Inc,,,,,,,,,,,,,,,,,,,39813.89,43669.0,457.0,0.8993818506,87.120109409,0.0,117245.98,165548.134,1949.0,0.7091669959,60.15699333,0.0,-0.2114951,-0.2114951
Acetazolamide,Acetazolamide,1,Breckenridge,,,,,,,,,,,,,,,,,,,1538.51,1550.0,18.0,0.9838315203,85.472777778,1.0,98658.91,114905.58,1356.0,0.857692249,72.75730826,0.0,-0.128212269,-0.128212269
Acetazolamide,Acetazolamide,1,Novitium Pharma,,,,,,,,,,,,,,,,,,,88973.81,97892.0,1023.0,0.9107467887,86.97342131,0.0,270402.36,353932.5,3827.0,0.7642403975,70.656482885,0.0,-0.160864022,-0.160864022
Acetazolamide,Acetazolamide,1,Ahp,4334.65,2207.0,223.0,1.9640462166,19.437892377,1.0,4413.18,2152.0,124.0,2.0507342007,35.59016129,1.0,501.96,483.0,39.0,1.0392546584,12.870769231,1.0,2681.42,2139.2,86.0,1.2534685864,31.179302326,1.0,2027.57,3219.0,67.0,0.6298757378,30.262238806,1.0,-0.497493799,-0.247466576
Acetazolamide,Acetazolamide,1,Avet Pharmaceut,608399.54,386393.024,5046.0,1.569181709,120.57065795,0.0,1518002.22,1130044.161,14956.0,1.3367322205,101.4978751,0.0,1074941.49,969049.241,12854.0,1.1061169091,83.627002489,0.0,1210079.37,1284152.171,15964.0,0.9417353357,75.800511776,0.0,1046373.74,1725748.906,20185.0,0.6057453796,51.839174635,0.0,-0.356777476,-0.211767716
Acetazolamide,Acetazolamide,1,Lannett Co. Inc,6037437.4,3355055.157,40907.0,1.7995046631,147.58934657,0.0,3069193.72,2126831.097,26081.0,1.4430829624,117.67929604,0.0,1956991.39,1624433.025,19638.0,1.2047227309,99.653294124,0.0,1958555.78,2596647.276,21158.0,0.7542633141,92.568096228,0.0,697835.71,769048.669,9541.0,0.9074012324,73.140730531,0.0,0.2030297847,-0.157322114
Acetazolamide ER,Acetazolamide,6,Overall,6363160.24,3031077.003,46288.0,2.1000229387,137.46889561,0.0,4416841.81,3185507.4,46997.0,1.3865333152,93.98135647,0.0,4111624.74,3492232.0,49882.0,1.1776648188,82.427022573,0.0,3670034.77,3956302.175,53295.0,0.9273446296,68.862646965,0.0,3515735.24,4444645.861,57863.0,0.7912845684,60.759643295,0.0,-0.146720062,-0.216521353
Acetazolamide ER,Acetazolamide,1,Avet Pharmaceut,3465988.42,1642982.0,25697.0,2.1095717543,134.87910729,0.0,1898944.48,1351656.0,20589.0,1.404902194,92.231020448,0.0,2094585.82,1791946.0,25090.0,1.1688889174,83.48289438,0.0,1071232.2,1139096.175,15054.0,0.940422963,71.159306497,0.0,697022.43,1067591.0,13268.0,0.6528927557,52.534099337,0.0,-0.305745626,-0.254132151
Acetazolamide ER,Acetazolamide,1,Teva USA,283763.66,132507.0,2237.0,2.1414993925,126.85009388,0.0,105026.19,80392.0,1269.0,1.3064258881,82.762955083,0.0,47074.39,36681.0,590.0,1.2833453286,79.787101695,0.0,18460.18,19526.0,304.0,0.9454153436,60.724276316,0.0,3739.4,5823.0,93.0,0.6421775717,40.208602151,1.0,-0.320745558,-0.259995613
Acetazolamide ER,Acetazolamide,1,Zydus Pharmaceu,2407021.02,1158426.003,16888.0,2.0778375259,142.52848295,0.0,1616853.48,1141949.4,16244.0,1.4158713862,99.535427235,0.0,327672.37,276332.0,4205.0,1.185792344,77.924463734,0.0,205601.31,196856.0,2546.0,1.0444249096,80.754638649,0.0,862639.62,965045.24,11992.0,0.8938851613,71.934591394,0.0,-0.144136497,-0.190125853
Acetazolamide ER,Acetazolamide,1,Nostrum Laborat,202266.79,95015.0,1439.0,2.1287879808,140.56066018,0.0,118343.97,87773.0,1300.0,1.3482958313,91.033823077,0.0,494616.9,418874.0,5940.0,1.1808250214,83.268838384,0.0,822049.17,881745.0,12158.0,0.9322980794,67.613848495,0.0,987197.45,1153062.12,15188.0,0.8561528758,64.998515275,0.0,-0.08167474,-0.203648637
Acetazolamide ER,Acetazolamide,1,Ingenus Pharmac,4120.35,2147.0,27.0,1.9191197019,152.60555556,1.0,677673.69,523737.0,7595.0,1.29391983,89.226292298,0.0,1147675.26,968399.0,14057.0,1.1851264407,81.644394963,0.0,1552691.91,1719079.0,23233.0,0.9032114929,66.831313649,0.0,915541.02,1181186.501,16327.0,0.7751028472,56.075275311,0.0,-0.14183682,-0.202805457
Acetazolamide ER,Acetazolamide,1,"Micro Labs USA,",,,,,,,,,,,,,,,,,,,,,,,,,49595.32,71938.0,995.0,0.689417554,49.844542714,0.0,,0.0
Acetazolamide Sodium,Acetazolamide Sodium,4,Overall,135493.8,1694.64,437.0,62.92629936,310.05446224,1.0,124688.59,3020.5,499.0,44.383719952,249.87693387,1.0,110866.27,2093.571,546.0,66.30511526,203.05177656,1.0,77343.45,1631.25,418.0,50.572360653,185.03217703,1.0,59823.6,1701.5,509.0,41.26878767,117.53163065,1.0,-0.183965567,-0.100093519
Acetazolamide Sodium,Acetazolamide Sodium,1,X-Gen/Novaplus,1910.06,112.0,91.0,17.054107143,20.98967033,1.0,1557.82,573.0,62.0,2.7187085515,25.126129032,1.0,24787.67,640.5,131.0,38.70049961,189.21885496,0.0,23023.73,498.0,72.0,46.232389558,319.77402778,1.0,5553.38,82.0,36.0,67.724146341,154.26055556,1.0,0.4648636376,0.411655219
Acetazolamide Sodium,Acetazolamide Sodium,1,X-Gen Pharmaceu,68151.35,1190.64,290.0,57.239257878,235.00465517,1.0,107280.09,2076.0,370.0,51.676343931,289.94618919,1.0,67538.71,1286.571,297.0,52.495128524,227.40306397,1.0,40213.97,889.25,186.0,45.222344672,216.20413978,1.0,11389.99,237.5,196.0,47.957852632,58.112193878,1.0,0.0604901842,-0.043265503
Acetazolamide Sodium,Acetazolamide Sodium,1,West-Ward/Hikma,65432.39,392.0,56.0,166.91936224,1168.4355357,1.0,15850.68,371.5,67.0,42.666702557,236.57731343,1.0,3932.44,113.0,70.0,34.800353982,56.177714286,1.0,6948.23,133.0,75.0,52.242330827,92.643066667,1.0,29586.61,1038.5,152.0,28.489754454,194.64875,1.0,-0.454661498,-0.35724495
Acetazolamide Sodium,Acetazolamide Sodium,1,Mylan Instituti,,,,,,,,,,,,,14607.45,53.5,48.0,273.0364486,304.321875,1.0,7157.52,111.0,85.0,64.482162162,84.206117647,1.0,13293.62,343.5,125.0,38.700494905,106.34896,1.0,-0.399826346,-0.623514767
Acetic Acid*,Acetic Acid,7,Overall,683968.63,8528386.046,29261.0,1.3227385683,23.374752401,0.0,664715.03,8325041.973,31813.0,1.1922238074,20.89444661,0.0,519670.38,8355629.538,24330.0,1.156419662,21.35924291,0.0,547870.82,9834628.5,25737.0,1.0868768082,21.287283677,0.0,678200.9,11032769.1,30147.0,1.1346339974,22.496463993,0.0,0.0439398364,-0.037622538
Acetic Acid*,Acetic Acid,1,Baxter Healthca,24909.98,3327368.048,1830.0,0.0074863915,13.612010929,0.0,25420.5,3192819.323,1667.0,0.0079617722,15.24925015,0.0,23087.55,2739251.0,1701.0,0.0084284171,13.57292769,0.0,23104.68,2501269.0,1710.0,0.0092371832,13.511508772,0.0,28028.94,3001273.0,2124.0,0.0093390171,13.196299435,0.0,0.0110243497,0.0568349299
Acetic Acid*,Acetic Acid,1,B.Braun,3665.0,612282.0,419.0,0.0059858039,8.7470167064,0.0,9495.96,1368287.0,835.0,0.0069400352,11.372407186,0.0,9502.11,1428617.0,781.0,0.0066512648,12.16659411,0.0,15221.98,2067953.0,1259.0,0.0073608926,12.090532168,0.0,16820.46,1941723.0,1197.0,0.0086626465,14.052180451,0.0,0.1768472873,0.0968115792
Acetic Acid*,Acetic Acid,1,Morton Grove Ph,340925.66,210096.0,13635.0,1.6227137118,25.003715438,0.0,348064.96,247567.15,16050.0,1.4059416203,21.686290343,0.0,160756.41,107971.0,7037.0,1.488885071,22.844452181,0.0,147606.62,105963.5,6933.0,1.3929949464,21.290439925,0.0,181607.71,130667.1,8544.0,1.3898503143,21.255584036,0.0,-0.002257461,-0.037985693
Acetic Acid*,Acetic Acid,1,"Trupharma, LLC.",,,,,,,,,,,,,,,,,,,41062.88,24540.0,1584.0,1.6733039935,25.923535354,0.0,107609.21,62865.0,4058.0,1.7117507357,26.51779448,0.0,0.0229765436,0.0229765436
Acetic Acid*,Acetic Acid,1,Icu Medical Inc,,,,,,,,,,,,,,,,,,,56760.5,3293411.0,2093.0,0.0172345632,27.11920688,0.0,106162.08,5489225.0,3618.0,0.0193400853,29.342752902,0.0,0.1221685825,0.1221685825
Acetic Acid*,Acetic Acid,1,Hospira/Icu Med,61140.33,4219597.0,3006.0,0.0144896136,20.339431138,0.0,48146.58,3348886.0,2283.0,0.0143768943,21.089172142,0.0,56751.34,3893072.538,2620.0,0.0145775193,21.660816794,0.0,25277.98,1674009.0,1229.0,0.0151002653,20.567925142,0.0,4278.28,247755.0,192.0,0.0172681883,22.282708333,0.0,0.1435685399,0.0448344732
Acetic Acid*,Acetic Acid,1,Hi-Tech/Akorn C,253327.66,159042.998,10371.0,1.5928249793,24.426541317,0.0,233587.03,167482.5,10978.0,1.3946951473,21.277740026,0.0,269572.97,186718.0,12191.0,1.4437438811,22.112457551,0.0,238836.18,167483.0,10929.0,1.4260323734,21.853433983,0.0,233694.22,159261.0,10414.0,1.467366273,22.44038986,0.0,0.0289852463,-0.020301104
Acetylcysteine*,Acetylcysteine,9,Overall,2477578.3,2726801.935,21868.0,0.9630052469,113.29697732,0.0,2661171.65,2629386.725,20557.0,1.0928522569,129.45330788,0.0,2632289.52,2975084.643,22132.0,0.9848936354,118.93590819,0.0,3413549.63,2988197.815,21609.0,1.308691175,157.96888472,0.0,3427866.63,3229586.434,21550.0,1.1411265695,159.06573689,0.0,0.328763968,0.0433410406
Acetylcysteine*,Acetylcysteine,1,App/Fresenius K,689590.79,883405.283,7874.0,0.7807731814,87.578205486,0.0,484683.03,539640.185,4533.0,0.8916753897,106.92323627,0.0,677355.16,739842.6,5595.0,0.9142368937,121.06437176,0.0,612456.01,802798.931,5778.0,0.7647161841,105.99792489,0.0,566942.38,940329.1,6916.0,0.6012041262,81.975474263,0.0,-0.21382058,-0.063248782
Acetylcysteine*,Acetylcysteine,1,Perrigo/Padagis,301828.61,103163.0,444.0,2.9257447922,679.79416667,1.0,345242.88,56926.85,538.0,6.064675632,641.71539033,0.0,186858.81,37500.2,432.0,4.9828750247,432.54354167,0.0,1207482.4,49989.0,456.0,24.154962092,2647.9877193,1.0,980132.57,77298.485,450.0,12.679841914,2178.0723778,1.0,-0.475062645,0.4428439063
Acetylcysteine*,Acetylcysteine,1,Paddock/Novaplu,50162.5,6931.55,113.0,7.2368373596,443.9159292,0.0,33233.84,13537.249,129.0,2.454992148,257.62666667,1.0,32674.74,11394.5,118.0,2.867588749,276.90457627,0.0,24730.85,4258.5,97.0,5.807408712,254.95721649,1.0,10275.15,1843.5,31.0,5.5737184703,331.45645161,1.0,-0.04024002,-0.063195315
Acetylcysteine*,Acetylcysteine,1,Auromedics Phar,12010.23,1866.3,34.0,6.4353158656,353.24205882,1.0,92358.73,10152.0,136.0,9.0975896375,679.10830882,1.0,82569.01,14720.2,212.0,5.6092315322,389.47646226,1.0,86744.7,18934.9,236.0,4.5812071888,367.56228814,1.0,176966.79,24526.17,396.0,7.2154270316,446.88583333,1.0,0.5750056119,0.0290181683
Acetylcysteine*,Acetylcysteine,1,Fresenius Kabi*,192318.26,26046.83,397.0,7.3835572313,484.4288665,1.0,127157.46,27994.027,374.0,4.5423068285,339.99320856,0.0,155905.57,32056.08,505.0,4.9090159553,308.72390099,1.0,133036.56,45695.215,669.0,3.0398448016,198.85883408,0.0,269587.31,94175.56,922.0,3.1028937959,292.39404555,0.0,0.0207408596,-0.194852745
Acetylcysteine*,Acetylcysteine,1,Hospira/Pfizer,395840.68,1175651.921,8665.0,0.3391954055,45.682709752,0.0,459821.84,1297398.516,9703.0,0.3570204714,47.389656807,0.0,519586.2,1477871.119,10875.0,0.3521201862,47.778041379,0.0,471072.32,1321322.749,9564.0,0.3562833572,49.254738603,0.0,305063.02,830919.571,5946.0,0.3672159813,51.305586949,0.0,0.0306851947,0.0200416454
Acetylcysteine*,Acetylcysteine,1,Akorn Inc.,116580.1,20642.751,135.0,5.6475079315,863.5562963,0.0,109657.28,20825.3,148.0,5.2655798476,740.92756757,0.0,78379.58,13523.63,96.0,5.7957501056,816.45395833,0.0,56554.73,7639.5,49.0,7.402936056,1154.1781633,1.0,5858.18,2092.0,41.0,2.8002772467,142.88243902,1.0,-0.621734238,-0.160856866
Acetylcysteine*,Acetylcysteine,1,Sagent Pharmace,,,,,,,4339.5,1180.0,12.0,3.6775423729,361.625,1.0,33865.99,8476.62,112.0,3.9952233319,302.37491071,0.0,53706.54,43099.6,343.0,1.2461029801,156.57883382,0.0,113545.41,257006.048,600.0,0.4418005369,189.24235,0.0,-0.645454233,-0.506573067
Acetylcysteine*,Acetylcysteine,1,Amer. Regent,719247.13,509094.3,4206.0,1.4129297859,171.00502378,0.0,1004677.09,661732.598,4984.0,1.5290146313,201.58047552,0.0,865094.46,639699.694,4187.0,1.359006173,206.61439217,0.0,767765.52,694459.42,4417.0,1.1253166957,173.82058411,0.0,999495.82,1001396.0,6248.0,1.0040173822,159.97052177,0.0,-0.107791268,-0.081867919
Acidophilus,Lactobacillus Acidophilus,1,Overall,,,,,,,,,,,,,,,,,,,8963.0,1054.0,26.0,8.5037950664,344.73076923,1.0,6620.13,3938.0,104.0,1.6810893855,63.655096154,1.0,-0.802313041,-0.802313041
Acidophilus,Lactobacillus Acidophilus,1,Sm-Strategic So,,,,,,,,,,,,,,,,,,,8963.0,1054.0,26.0,8.5037950664,344.73076923,1.0,6620.13,3938.0,104.0,1.6810893855,63.655096154,1.0,-0.802313041,-0.802313041
Acidophilus-Pectin,"L. Acidophilus/Pectin, Citrus",1,Overall,,,,,,,,,,,,,95.89,542.0,63.0,0.1769188192,1.5220634921,1.0,792.89,2618.0,99.0,0.3028609626,8.008989899,1.0,45.12,181.0,14.0,0.249281768,3.2228571429,1.0,0.7118640287,0.187020562
Acidophilus-Pectin,"L. Acidophilus/Pectin, Citrus",1,Major Pharmaceu,,,,,,,,,,,,,95.89,542.0,63.0,0.1769188192,1.5220634921,1.0,792.89,2618.0,99.0,0.3028609626,8.008989899,1.0,45.12,181.0,14.0,0.249281768,3.2228571429,1.0,-0.176910204,0.187020562
Acidophilus-Pectin,Lactobacillus Acidophilus/Pect,2,Overall,1684.73,13762.0,359.0,0.1233096086,4.6928412256,1.0,9750.41,19818.0,518.0,0.4911748612,18.823185328,1.0,8107.32,18648.0,522.0,0.438759082,15.531264368,1.0,9451.34,29469.0,716.0,0.323697739,13.200195531,1.0,4745.71,19276.0,377.0,0.245096932,12.588090186,1.0,-0.242821613,0.1873677227
Acidophilus-Pectin,Lactobacillus Acidophilus/Pect,1,"Plus Pharma,Inc",83.46,330.0,11.0,0.2529090909,7.5872727273,1.0,251.55,881.0,25.0,0.2855278093,10.062,1.0,1204.06,3768.0,91.0,0.3195488323,13.231428571,1.0,650.47,3768.0,79.0,0.1726300425,8.2337974684,1.0,1050.97,5747.0,117.0,0.1828728032,8.9826495726,1.0,0.0593335933,-0.077861466
Acidophilus-Pectin,Lactobacillus Acidophilus/Pect,1,Major Pharmaceu,1601.27,13432.0,348.0,0.1192130733,4.6013505747,1.0,9498.86,18937.0,493.0,0.5016032106,19.267464503,1.0,6903.26,14880.0,431.0,0.4639287634,16.016844548,1.0,8800.87,25701.0,637.0,0.3424329793,13.816122449,1.0,3694.74,13529.0,260.0,0.2730977899,14.210538462,1.0,-0.20247813,0.2302647352
Aciphex,Rabeprazole Sodium,1,Overall,1313383.38,83180.0,1997.0,15.789653522,657.67820731,0.0,953626.15,59886.0,1344.0,15.924024814,709.54326637,0.0,868046.61,53032.0,1147.0,16.368355144,756.7973932,0.0,743121.32,46249.0,947.0,16.067835413,784.71100317,0.0,586373.92,35178.06,657.0,16.66873955,892.50216134,0.0,0.037397952,0.013637199
Aciphex,Rabeprazole Sodium,1,Eisai/ Woodward,1313383.38,83180.0,1997.0,15.789653522,657.67820731,0.0,953626.15,59886.0,1344.0,15.924024814,709.54326637,0.0,868046.61,53032.0,1147.0,16.368355144,756.7973932,0.0,743121.32,46249.0,947.0,16.067835413,784.71100317,0.0,586373.92,35178.06,657.0,16.66873955,892.50216134,0.0,0.037397952,0.013637199
Aciphex Sprinkle,Rabeprazole Sodium,1,Overall,,,,,,,197652.67,11219.0,325.0,17.616940201,608.16206154,0.0,581019.99,29513.0,843.0,19.663159944,689.22893238,0.0,563392.24,28485.0,802.0,19.738761611,702.48408978,0.0,230627.39,11848.0,341.0,19.409936594,676.32665689,0.0,0.0038448381,0.0328356316
Aciphex Sprinkle,Rabeprazole Sodium,1,Zylera/Cerecor,,,,,,,197652.67,11219.0,325.0,17.616940201,608.16206154,0.0,581019.99,29513.0,843.0,19.663159944,689.22893238,0.0,563392.24,28485.0,802.0,19.738761611,702.48408978,0.0,230627.39,11848.0,341.0,19.409936594,676.32665689,0.0,-0.016658847,0.0328356316
Acitretin,Acitretin,5,Overall,4668750.39,244959.8,6872.0,19.118588922,679.38742579,0.0,3844469.5,252934.384,7208.0,15.248424816,533.36147336,0.0,3612086.31,273059.8,7571.0,13.266309287,477.09500859,0.0,3289801.18,288813.809,7744.0,11.415626613,424.81936725,0.0,3404864.17,307300.944,8249.0,11.115806949,412.7608401,0.0,-0.026263969,-0.126784793
Acitretin,Acitretin,1,Teva USA,1114301.01,59752.0,1609.0,18.678255326,692.54257924,0.0,775939.59,48747.64,1383.0,15.952239984,561.05537961,0.0,817246.2,55575.0,1447.0,14.924066002,564.78659295,0.0,270559.49,19628.0,556.0,13.866021624,486.61778777,1.0,41154.23,3220.0,90.0,12.87701587,457.26922222,1.0,-0.071325848,-0.08878737
Acitretin,Acitretin,1,Mylan,1162581.01,59712.0,1693.0,19.538605572,686.69876551,0.0,1134840.24,76363.8,2175.0,14.892511514,521.76562759,0.0,1124254.01,82219.6,2271.0,13.710553396,495.04800088,0.0,1027430.61,84679.8,2247.0,12.203874103,457.24548732,0.0,1066345.48,89869.4,2334.0,11.932645962,456.87467009,0.0,-0.022224757,-0.115982632
Acitretin,Acitretin,1,Prasco Labs,670968.0,34489.0,1005.0,19.473974932,667.62985075,0.0,487872.7,30487.0,855.0,16.00286758,570.61134503,0.0,172548.87,12429.0,367.0,13.862474995,470.16040872,0.0,106124.88,9484.0,289.0,11.205235188,367.21411765,0.0,36912.57,3200.0,101.0,11.549055227,365.4709901,1.0,0.0306838753,-0.122447793
Acitretin,Acitretin,1,Sigmapharm Labo,1467838.06,78152.8,2194.0,18.854313687,669.02372835,0.0,863801.32,59230.944,1673.0,14.693830656,516.31878063,0.0,676453.61,58833.0,1692.0,11.642288032,399.79527778,0.0,1034759.62,98226.009,2573.0,10.521115847,402.16075398,0.0,1368521.59,133590.284,3629.0,10.29887697,377.10707909,0.0,-0.021123128,-0.140304239
Acitretin,Acitretin,1,Amneal Pharmace,253062.31,12854.0,371.0,19.711757371,682.10865229,0.0,582015.65,38105.0,1122.0,15.322865562,518.73052585,0.0,821583.62,64003.2,1794.0,12.776565035,457.96188406,0.0,850926.58,76796.0,2079.0,11.044663451,409.29609428,0.0,891930.3,77421.26,2095.0,11.524336666,425.74238663,0.0,0.0434303152,-0.125574834
Actemra Actpen,Tocilizumab,1,Overall,,,,,,,,,,,,,5575266.76,4946.264,1871.0,1127.1672438,2979.8325815,0.0,18905124.42,16227.366,6099.0,1165.0149766,3099.7088736,0.0,29138637.5,24123.008,8970.0,1207.9189088,3248.4545708,0.0,0.0368269362,0.0352010651
Actemra Actpen,Tocilizumab,1,"Genentech, Inc.",,,,,,,,,,,,,5575266.76,4946.264,1871.0,1127.1672438,2979.8325815,0.0,18905124.42,16227.366,6099.0,1165.0149766,3099.7088736,0.0,29138637.5,24123.008,8970.0,1207.9189088,3248.4545708,0.0,0.0368269362,0.0352010651
Actemra*,Tocilizumab,1,Overall,49741507.58,367082.361,24542.0,413.07894223,2026.7911165,0.0,55440830.05,323870.388,25023.0,474.67721895,2215.5948547,0.0,56843762.35,309951.084,25003.0,506.11172467,2273.4776767,0.0,56622516.79,317483.229,25363.0,482.23954168,2232.4849896,0.0,58735633.96,330030.593,25888.0,471.67951356,2268.8362933,0.0,-0.021897889,0.033721358
Actemra*,Tocilizumab,1,"Genentech, Inc.*",49741507.58,367082.361,24542.0,413.07894223,2026.7911165,0.0,55440830.05,323870.388,25023.0,474.67721895,2215.5948547,0.0,56843762.35,309951.084,25003.0,506.11172467,2273.4776767,0.0,56622516.79,317483.229,25363.0,482.23954168,2232.4849896,0.0,58735633.96,330030.593,25888.0,471.67951356,2268.8362933,0.0,-0.021897889,0.033721358
Acthar,Corticotropin,1,Overall,163579761.4,22559.5,3117.0,7251.0366542,52479.872121,0.0,149860999.15,20694.5,2834.0,7241.5858876,52879.675071,0.0,158390635.68,20700.22,2660.0,7651.6402087,59545.351759,0.0,149263120.35,19002.0,2406.0,7855.1268472,62037.872132,0.0,129008664.34,16298.5,2124.0,7915.3703924,60738.542533,0.0,0.0265938587,0.0221574195
Acthar,Corticotropin,1,Mallinckrodt Ph,163579761.4,22559.5,3117.0,7251.0366542,52479.872121,0.0,149860999.15,20694.5,2834.0,7241.5858876,52879.675071,0.0,158390635.68,20700.22,2660.0,7651.6402087,59545.351759,0.0,149263120.35,19002.0,2406.0,7855.1268472,62037.872132,0.0,129008664.34,16298.5,2124.0,7915.3703924,60738.542533,0.0,0.0076693281,0.0221574195
Actigall,Ursodiol,1,Overall,,,,,,,,,,,,,160802.29,17848.0,256.0,9.0095411251,628.13394531,1.0,436940.49,43843.0,625.0,9.9660262756,699.104784,0.0,70774.32,7371.0,112.0,9.6017256817,631.91357143,1.0,0.1061635812,0.0323413212
Actigall,Ursodiol,1,Allergan Inc.,,,,,,,,,,,,,160802.29,17848.0,256.0,9.0095411251,628.13394531,1.0,436940.49,43843.0,625.0,9.9660262756,699.104784,0.0,70774.32,7371.0,112.0,9.6017256817,631.91357143,1.0,-0.036554248,0.0323413212
Actimmune,"Interferon Gamma-1b,Recomb.",1,Overall,,,,,,,55295445.77,6409.526,1091.0,8627.0725433,50683.26835,0.0,65486932.02,7311.044,1252.0,8957.2613733,52305.856246,0.0,63654945.0,6843.508,1152.0,9301.5080862,55256.028646,0.0,70198314.29,7149.513,1211.0,9818.6148189,57967.228976,0.0,0.0555938594,0.0440683348
Actimmune,"Interferon Gamma-1b,Recomb.",1,Horizon Therape,,,,,,,55295445.77,6409.526,1091.0,8627.0725433,50683.26835,0.0,65486932.02,7311.044,1252.0,8957.2613733,52305.856246,0.0,63654945.0,6843.508,1152.0,9301.5080862,55256.028646,0.0,70198314.29,7149.513,1211.0,9818.6148189,57967.228976,0.0,0.0555938594,0.0440683348
Actiq,Fentanyl Citrate,1,Overall,357501.18,4755.0,45.0,72.808300379,7944.4706667,1.0,395163.64,4785.0,48.0,81.641693975,8232.5758333,1.0,347600.44,3945.0,36.0,88.290324598,9655.5677778,1.0,172627.88,1921.0,15.0,150.62633056,11508.525333,1.0,170828.01,1920.0,15.0,85.584863729,11388.534,1.0,0.7060343955,0.0412476101
Actiq,Fentanyl Citrate,1,Teva USA,357501.18,4755.0,45.0,72.808300379,7944.4706667,1.0,395163.64,4785.0,48.0,81.641693975,8232.5758333,1.0,347600.44,3945.0,36.0,88.290324598,9655.5677778,1.0,172627.88,1921.0,15.0,150.62633056,11508.525333,1.0,170828.01,1920.0,15.0,85.584863729,11388.534,1.0,-0.431806754,0.0412476101
Activase,Alteplase,1,Overall,8586546.48,1955.971,2920.0,4183.5691217,2940.5981096,1.0,8363508.33,1925.704,2846.0,4298.9795502,2938.6888018,0.0,9002823.91,2063.986,3146.0,4104.3142955,2861.6732072,0.0,8331275.55,1723.079,2877.0,4582.8372149,2895.8204901,0.0,8681043.83,1658.024,3192.0,4800.4302475,2719.62526,0.0,0.1165902231,0.034983208
Activase,Alteplase,1,"Genentech, Inc.",8586546.48,1955.971,2920.0,4183.5691217,2940.5981096,1.0,8363508.33,1925.704,2846.0,4298.9795502,2938.6888018,0.0,9002823.91,2063.986,3146.0,4104.3142955,2861.6732072,0.0,8331275.55,1723.079,2877.0,4582.8372149,2895.8204901,0.0,8681043.83,1658.024,3192.0,4800.4302475,2719.62526,0.0,0.0474799829,0.034983208
Activella,Estradiol/Norethindrone Acet,1,Overall,,,,,,,,,,,,,9025.63,1092.0,31.0,8.2652289377,291.14935484,1.0,12984.26,1428.0,45.0,9.0926190476,288.53911111,1.0,19443.32,1876.0,63.0,10.36424307,308.62412698,1.0,0.1398523369,0.1198022896
Activella,Estradiol/Norethindrone Acet,1,Amneal Pharmace,,,,,,,,,,,,,9025.63,1092.0,31.0,8.2652289377,291.14935484,1.0,12984.26,1428.0,45.0,9.0926190476,288.53911111,1.0,19443.32,1876.0,63.0,10.36424307,308.62412698,1.0,0.1398523369,0.1198022896
Actonel,Risedronate Sodium,1,Overall,274995.33,3837.0,890.0,127.94421916,308.98351685,0.0,83528.36,1208.0,292.0,114.43185935,286.0560274,1.0,61829.8,957.0,163.0,127.23890952,379.32392638,1.0,38824.9,340.0,94.0,155.58893088,413.03085106,1.0,27878.73,276.0,75.0,148.95633492,371.7164,1.0,0.2228093707,0.0387465095
Actonel,Risedronate Sodium,1,Actavis/Allerga,274995.33,3837.0,890.0,127.94421916,308.98351685,0.0,83528.36,1208.0,292.0,114.43185935,286.0560274,1.0,61829.8,957.0,163.0,127.23890952,379.32392638,1.0,38824.9,340.0,94.0,155.58893088,413.03085106,1.0,27878.73,276.0,75.0,148.95633492,371.7164,1.0,-0.042628971,0.0387465095
Actos,Pioglitazone HCl,1,Overall,236297.67,14369.0,455.0,16.430311295,519.33553846,0.0,83856.17,5278.0,167.0,15.612018422,502.13275449,1.0,66421.95,4195.0,120.0,16.131175351,553.51625,1.0,64250.99,4053.0,94.0,16.389739039,683.52117021,1.0,39651.3,2580.0,70.0,15.022583039,566.44714286,1.0,0.0160288189,-0.022144449
Actos,Pioglitazone HCl,1,Takeda Pharmace,236297.67,14369.0,455.0,16.430311295,519.33553846,0.0,83856.17,5278.0,167.0,15.612018422,502.13275449,1.0,66421.95,4195.0,120.0,16.131175351,553.51625,1.0,64250.99,4053.0,94.0,16.389739039,683.52117021,1.0,39651.3,2580.0,70.0,15.022583039,566.44714286,1.0,-0.083415361,-0.022144449
Acular,Ketorolac Tromethamine,1,Overall,74718.22,1478.0,274.0,50.553599459,272.69423358,0.0,65047.65,1575.0,288.0,41.300095238,225.85989583,1.0,72937.06,1499.0,259.0,48.657144763,281.61027027,1.0,52162.93,1148.0,234.0,45.438092334,222.91850427,1.0,46563.02,949.0,288.0,49.065353003,161.67715278,1.0,0.0798286302,-0.007442418
Acular,Ketorolac Tromethamine,1,Allergan Inc.,74718.22,1478.0,274.0,50.553599459,272.69423358,0.0,65047.65,1575.0,288.0,41.300095238,225.85989583,1.0,72937.06,1499.0,259.0,48.657144763,281.61027027,1.0,52162.93,1148.0,234.0,45.438092334,222.91850427,1.0,46563.02,949.0,288.0,49.065353003,161.67715278,1.0,0.0798286302,-0.007442418
Acuvail,Ketorolac Tromethamine/PF,1,Overall,83333.14,3616.0,279.0,23.045669248,298.68508961,0.0,52413.22,2030.0,166.0,25.819320197,315.74228916,0.0,32624.06,1387.0,101.0,23.521312185,323.01049505,1.0,21733.29,926.0,66.0,23.470075594,329.29227273,1.0,18608.11,750.0,50.0,24.810813333,372.1622,1.0,0.0571254121,0.0186216891
Acuvail,Ketorolac Tromethamine/PF,1,Allergan Inc.,83333.14,3616.0,279.0,23.045669248,298.68508961,0.0,52413.22,2030.0,166.0,25.819320197,315.74228916,0.0,32624.06,1387.0,101.0,23.521312185,323.01049505,1.0,21733.29,926.0,66.0,23.470075594,329.29227273,1.0,18608.11,750.0,50.0,24.810813333,372.1622,1.0,0.0571254121,0.0186216891
Acyclovir Sodium,Acyclovir Sodium,4,Overall,299584.33,182807.126,2099.0,1.5925162681,142.72717008,0.0,319851.65,143945.443,2434.0,2.2825150185,131.40988085,1.0,281541.1,137264.82,2501.0,2.087064418,112.57141144,1.0,276910.67,141272.3,2081.0,1.9662845503,133.06615569,0.0,321519.33,140201.703,2249.0,2.5835903068,142.96101823,1.0,0.3139452814,0.1285867371
Acyclovir Sodium,Acyclovir Sodium,1,Zydus Pharmaceu,,,,,,,,,,,,,,,,,,,,,,,,,118.7,471.1,13.0,0.2519634897,9.1307692308,1.0,,0.0
Acyclovir Sodium,Acyclovir Sodium,1,Fresenius Kabi,130498.41,87131.247,1068.0,1.497722281,122.18952247,0.0,149530.02,57337.216,901.0,2.6079051344,165.96006659,1.0,132870.11,61962.944,1097.0,2.1443479187,121.12134002,0.0,151746.5,58034.27,885.0,2.6147739947,171.46497175,1.0,119782.35,78999.928,1002.0,1.5162336604,119.54326347,0.0,-0.420128216,0.0030757028
Acyclovir Sodium,Acyclovir Sodium,1,Auromedics Phar,122867.97,81528.837,927.0,1.5070492174,132.54365696,0.0,140338.85,81378.537,1450.0,1.7245192058,96.785413793,0.0,144062.03,66997.976,1309.0,2.1502445089,110.05502674,1.0,121188.35,78564.43,1099.0,1.5425345796,110.27147407,0.0,197826.42,54462.975,1146.0,3.6323102071,172.62340314,1.0,1.3547674426,0.2459880406
Acyclovir Sodium,Acyclovir Sodium,1,App/Fresenius K,46217.95,14147.042,104.0,3.3277848664,444.40336538,1.0,29982.78,5229.69,83.0,8.4983877152,361.23831325,1.0,4608.96,8303.9,95.0,0.5550355857,48.515368421,0.0,3975.82,4673.6,97.0,0.8506975351,40.987835052,1.0,3791.86,6267.7,88.0,1.4241528372,43.089318182,1.0,0.6741001101,-0.191182873
Acyclovir*,Acyclovir,33,Overall,31533065.63,58239949.503,1179271.0,0.8037242156,26.73945652,0.0,24039678.71,55894696.957,1119193.0,0.5697238531,21.479475577,0.0,25792876.48,57670998.345,1081125.0,1.1750710225,23.857441535,0.0,22970196.39,55445979.885,1011061.0,1.2584436595,22.718902608,0.0,21817779.94,55849152.471,1000412.0,1.0817990433,21.808794717,0.0,0.0709511471,0.0771095708
Acyclovir*,Acyclovir,1,Quinn Pharmaceu,134061.36,735133.746,14030.0,0.182363224,9.5553357092,0.0,26617.26,137587.25,2795.0,0.1934573153,9.5231699463,0.0,22081.8,126199.995,2313.0,0.1749746504,9.5468223087,0.0,37372.89,192706.543,3335.0,0.1939367985,11.206263868,0.0,51203.1,252322.224,4540.0,0.2029274282,11.278215859,0.0,0.0463585549,0.0270719594
Acyclovir*,Acyclovir,1,Perrigo/Padagis,,,,,,,,,,,,,4167680.71,30970.0,5545.0,134.57154375,751.61058792,0.0,4094449.33,34711.0,6073.0,117.95826482,674.20538943,0.0,2380093.07,24822.0,4388.0,95.886434212,542.40954193,0.0,-0.187115592,-0.155884321
Acyclovir*,Acyclovir,1,Northstar Rx Ll,50685.95,3376.0,163.0,15.013610782,310.95674847,0.0,609437.51,52191.0,2202.0,11.677061371,276.76544505,0.0,316898.21,46830.0,1968.0,6.7669914585,161.02551321,0.0,248166.41,60695.0,2691.0,4.0887455309,92.220888146,0.0,230012.65,54231.0,2678.0,4.2413499659,85.889712472,0.0,0.0373230454,-0.270954323
Acyclovir*,Acyclovir,1,Mylan*,4198637.17,298679.07,14820.0,14.424443984,283.30885088,0.0,1472390.18,450269.7,8285.0,8.0539912822,177.71758358,0.0,2516712.61,4092423.192,24429.0,1.7515155443,103.02151582,0.0,1969603.38,3683407.57,20716.0,1.3142302701,95.076432709,0.0,630279.9,723029.0,7577.0,2.5734999896,83.183304738,0.0,0.9581804256,-0.350085431
Acyclovir*,Acyclovir,1,Nivagen Pharmac,6033.04,36495.0,740.0,0.1679822218,8.1527567568,0.0,202726.05,1270069.808,24853.0,0.1606744996,8.1570051905,0.0,293219.65,1782472.85,34283.0,0.1646476372,8.5529168976,0.0,199540.4,1254578.738,23472.0,0.159026332,8.5012099523,0.0,150990.77,926785.995,16470.0,0.1629024991,9.1676241651,0.0,0.0243743728,-0.007647184
Acyclovir*,Acyclovir,1,Mylan Instituti,169733.22,9883.0,1477.0,17.174260852,114.91754909,0.0,108269.01,8511.0,1298.0,12.72106803,83.412180277,0.0,79791.83,7187.0,1114.0,11.10224433,71.626418312,0.0,39230.28,5184.0,753.0,7.5668524666,52.098645418,0.0,44359.03,5941.0,852.0,7.4665931661,52.064589202,0.0,-0.013249802,-0.187990503
Acyclovir*,Acyclovir,1,Novitium Pharma,,,,,,,,,,,,,,,,,,,250664.53,584166.79,2201.0,0.4290975357,113.88665607,0.0,2060574.48,4977758.04,22075.0,0.4139563361,93.344257305,0.0,-0.035286149,-0.035286149
Acyclovir*,Acyclovir,1,Fougera/Sandoz,1121141.3,76655.0,4314.0,14.62580784,259.88439963,0.0,509316.53,37094.501,1301.0,13.730243467,391.48080707,0.0,45015.19,4770.0,222.0,9.4371467505,202.77112613,0.0,12037.42,2640.0,125.0,4.5596287879,96.29936,0.0,3639.14,1455.0,65.0,2.5011271478,55.986769231,0.0,-0.45146255,-0.356936327
Acyclovir*,Acyclovir,1,Glenmark Pharma,11307.01,840.0,40.0,13.46072619,282.67525,1.0,649164.79,65404.412,2861.0,9.9253975405,226.90135966,0.0,1392752.69,164694.114,6728.0,8.4566027053,207.00842598,0.0,701436.46,123912.75,5405.0,5.6607286982,129.77547826,0.0,718307.78,137827.0,5964.0,5.2116623013,120.44060698,0.0,-0.079330139,-0.21118176
Acyclovir*,Acyclovir,1,Hi-Tech/Akorn C,2212591.36,3926418.654,20795.0,0.5635138672,106.40016158,0.0,276986.63,543228.25,3328.0,0.5098899588,83.229155649,0.0,634081.66,1333793.8,6630.0,0.4753970666,95.638259427,0.0,1282454.38,2838319.295,13388.0,0.451835839,95.79133403,0.0,1291797.25,3130533.852,14900.0,0.4126443958,86.697802013,0.0,-0.086738235,-0.074944402
Acyclovir*,Acyclovir,1,Major Pharmaceu,6547.4,32900.21,794.0,0.1999369537,8.2460957179,0.0,3587.13,12881.0,420.0,0.2918465309,8.5407857143,0.0,3886.11,10600.5,382.0,0.3834957836,10.173062827,0.0,3375.17,11913.5,439.0,0.2860569054,7.6883143508,0.0,8417.56,18438.0,680.0,0.487433411,12.378764706,0.0,0.7039735866,0.2495555158
Acyclovir*,Acyclovir,1,Carlsbad Tech,2228306.54,9610454.198,225015.0,0.2374562222,9.9029244273,0.0,2990314.52,13330363.213,306290.0,0.228177831,9.7630171406,0.0,2432871.1,11439905.701,259175.0,0.2159676763,9.3869821549,0.0,1802753.22,9785512.922,212756.0,0.1885348841,8.4733366862,0.0,630760.92,2842476.667,64322.0,0.2259133106,9.806301421,0.0,0.1982573503,-0.012380704
Acyclovir*,Acyclovir,1,Camber Pharmace,3140280.49,13884323.129,318253.0,0.2312339689,9.8672455248,0.0,2856615.44,13288929.407,307842.0,0.2197967775,9.2794857102,0.0,3126843.39,13838488.186,327145.0,0.2303269139,9.5579739565,0.0,2753276.83,12856112.012,297715.0,0.2191134451,9.2480285844,0.0,4430639.51,20215701.757,448377.0,0.2245691925,9.881504872,0.0,0.0248991903,-0.007284882
Acyclovir*,Acyclovir,1,Bionpharma Inc.,,,,,,,,,,,,,,,,,,,4153.61,19262.0,385.0,0.2171202802,10.788597403,0.0,352410.38,1523173.579,33563.0,0.2344406157,10.49996663,0.0,0.0797729971,0.0797729971
Acyclovir*,Acyclovir,1,Ranbaxy Pharmac,37312.13,13539.004,2395.0,2.7889053976,15.579177453,1.0,403.22,6115.002,205.0,0.0659258801,1.966,,,,,,,,,,,,,,,,,,,,,
